Charm++: standalone mode (not using charmrun)
Charm++> Running in Multicore mode:  24 threads
Charm++> Using recursive bisection (scheme 3) for topology aware partitions
Converse/Charm++ Commit ID: v6.8.2-0-g26d4bd8-namd-charm-6.8.2-build-2018-Jan-11-30463
Warning> Randomization of virtual memory (ASLR) is turned on in the kernel, thread migration may not work! Run 'echo 0 > /proc/sys/kernel/randomize_va_space' as root to disable it, or try running with '+isomalloc_sync'.
CharmLB> Load balancer assumes all CPUs are same.
Charm++> Running on 1 unique compute nodes (24-way SMP).
Charm++> cpu topology info is gathered in 0.002 seconds.
Info: NAMD 2.13 for Linux-x86_64-multicore
Info: 
Info: Please visit http://www.ks.uiuc.edu/Research/namd/
Info: for updates, documentation, and support information.
Info: 
Info: Please cite Phillips et al., J. Comp. Chem. 26:1781-1802 (2005)
Info: in all publications reporting results obtained with NAMD.
Info: 
Info: Based on Charm++/Converse 60800 for multicore-linux64-iccstatic
Info: Built Fri Nov 9 14:39:16 CST 2018 by jim on ganymede.ks.uiuc.edu
Info: 1 NAMD  2.13  Linux-x86_64-multicore  24    linubu6  clockha2
Info: Running on 24 processors, 1 nodes, 1 physical nodes.
Info: CPU topology information available.
Info: Charm++/Converse parallel runtime startup completed at 0.102612 s
CkLoopLib is used in SMP with a simple dynamic scheduling (converse-level notification) but not using node-level queue
Info: 1696.95 MB of memory in use based on /proc/self/stat
Info: Configuration file is txn_equil.namd
Info: Working in the current directory /userhomes/students/clockha2/Parabon/aa3/5n0b
TCL: Suspending until startup complete.
Warning: ALWAYS USE NON-ZERO MARGIN WITH CONSTANT PRESSURE!
Warning: CHANGING MARGIN FROM 0 to 0.48
Info: SIMULATION PARAMETERS:
Info: TIMESTEP               1
Info: NUMBER OF STEPS        300000
Info: STEPS PER CYCLE        20
Info: PERIODIC CELL BASIS 1  125 0 0
Info: PERIODIC CELL BASIS 2  0 125 0
Info: PERIODIC CELL BASIS 3  0 0 125
Info: PERIODIC CELL CENTER   0 0 0
Info: WRAPPING ALL CLUSTERS AROUND PERIODIC BOUNDARIES ON OUTPUT.
Info: LOAD BALANCER  Centralized
Info: LOAD BALANCING STRATEGY  New Load Balancers -- DEFAULT
Info: LDB PERIOD             4000 steps
Info: FIRST LDB TIMESTEP     100
Info: LAST LDB TIMESTEP     -1
Info: LDB BACKGROUND SCALING 1
Info: HOM BACKGROUND SCALING 1
Info: PME BACKGROUND SCALING 1
Info: MIN ATOMS PER PATCH    40
Info: INITIAL TEMPERATURE    310
Info: CENTER OF MASS MOVING INITIALLY? NO
Info: DIELECTRIC             1
Info: EXCLUDE                SCALED ONE-FOUR
Info: 1-4 ELECTROSTATICS SCALED BY 1
Info: MODIFIED 1-4 VDW PARAMETERS WILL BE USED
Info: DCD FILENAME           output/txn_equil.dcd
Info: DCD FREQUENCY          1000
Info: DCD FIRST STEP         1000
Info: DCD FILE WILL CONTAIN UNIT CELL DATA
Info: NO EXTENDED SYSTEM TRAJECTORY OUTPUT
Info: NO VELOCITY DCD OUTPUT
Info: NO FORCE DCD OUTPUT
Info: OUTPUT FILENAME        output/txn_equil
Info: RESTART FILENAME       output/txni_equil
Info: RESTART FREQUENCY      10000
Info: BINARY RESTART FILES WILL BE USED
Info: SWITCHING ACTIVE
Info: SWITCHING ON           8
Info: SWITCHING OFF          12
Info: PAIRLIST DISTANCE      13.5
Info: PAIRLIST SHRINK RATE   0.01
Info: PAIRLIST GROW RATE     0.01
Info: PAIRLIST TRIGGER       0.3
Info: PAIRLISTS PER CYCLE    2
Info: PAIRLISTS ENABLED
Info: MARGIN                 0.48
Info: HYDROGEN GROUP CUTOFF  2.5
Info: PATCH DIMENSION        16.48
Info: ENERGY OUTPUT STEPS    1000
Info: CROSSTERM ENERGY INCLUDED IN DIHEDRAL
Info: TIMING OUTPUT STEPS    1000
Info: LANGEVIN DYNAMICS ACTIVE
Info: LANGEVIN TEMPERATURE   310
Info: LANGEVIN USING BBK INTEGRATOR
Info: LANGEVIN DAMPING COEFFICIENT IS 5 INVERSE PS
Info: LANGEVIN DYNAMICS NOT APPLIED TO HYDROGENS
Info: LANGEVIN PISTON PRESSURE CONTROL ACTIVE
Info:        TARGET PRESSURE IS 1.01325 BAR
Info:     OSCILLATION PERIOD IS 200 FS
Info:             DECAY TIME IS 100 FS
Info:     PISTON TEMPERATURE IS 310 K
Info:       PRESSURE CONTROL IS GROUP-BASED
Info:    INITIAL STRAIN RATE IS 0 0 0
Info:       CELL FLUCTUATION IS ISOTROPIC
Info: PARTICLE MESH EWALD (PME) ACTIVE
Info: PME TOLERANCE               1e-06
Info: PME EWALD COEFFICIENT       0.257952
Info: PME INTERPOLATION ORDER     4
Info: PME GRID DIMENSIONS         125 125 125
Info: PME MAXIMUM GRID SPACING    1.5
Info: Attempting to read FFTW data from FFTW_NAMD_2.13_Linux-x86_64-multicore.txt
Info: Optimizing 6 FFT steps.  1... 2... 3... 4... 5... 6...   Done.
Info: Writing FFTW data to FFTW_NAMD_2.13_Linux-x86_64-multicore.txt
Info: FULL ELECTROSTATIC EVALUATION FREQUENCY      4
Info: USING VERLET I (r-RESPA) MTS SCHEME.
Info: C1 SPLITTING OF LONG RANGE ELECTROSTATICS
Info: PLACING ATOMS IN PATCHES BY HYDROGEN GROUPS
Info: RIGID BONDS TO HYDROGEN : ALL
Info:         ERROR TOLERANCE : 1e-05
Info:          MAX ITERATIONS : 100
Info: RIGID WATER USING SETTLE ALGORITHM
Info: RANDOM NUMBER SEED     202009262
Info: USE HYDROGEN BONDS?    NO
Info: COORDINATE PDB         ./output/txn_heat.coor
Info: STRUCTURE FILE         txn_solv_ions.psf
Info: PARAMETER file: CHARMM format! 
Info: PARAMETERS             par_all36m_prot.prm
Info: PARAMETERS             par_all36_lipid.prm
Info: PARAMETERS             par_all36_na.prm
Info: PARAMETERS             par_all36_carb.prm
Info: PARAMETERS             par_all36_cgenff.prm
Info: PARAMETERS             toppar_water_ions.str
Info: USING ARITHMETIC MEAN TO COMBINE L-J SIGMA PARAMETERS
Info: SKIPPING rtf SECTION IN STREAM FILE
Info: SUMMARY OF PARAMETERS:
Info: 1019 BONDS
Info: 3165 ANGLES
Info: 8212 DIHEDRAL
Info: 238 IMPROPER
Info: 6 CROSSTERM
Info: 361 VDW
Info: 103 VDW_PAIRS
Info: 0 NBTHOLE_PAIRS
Info: TIME FOR READING PSF FILE: 10.3594
Info: Reading pdb file ./output/txn_heat.coor
Info: TIME FOR READING PDB FILE: 0.488313
Info: 
Info: ****************************
Info: STRUCTURE SUMMARY:
Info: 185827 ATOMS
Info: 130962 BONDS
Info: 93515 ANGLES
Info: 56909 DIHEDRALS
Info: 3648 IMPROPERS
Info: 1312 CROSSTERMS
Info: 0 EXCLUSIONS
Info: 174876 RIGID BONDS
Info: 382605 DEGREES OF FREEDOM
Info: 65722 HYDROGEN GROUPS
Info: 4 ATOMS IN LARGEST HYDROGEN GROUP
Info: 65722 MIGRATION GROUPS
Info: 4 ATOMS IN LARGEST MIGRATION GROUP
Info: TOTAL MASS = 1.14673e+06 amu
Info: TOTAL CHARGE = 1.49738e-05 e
Info: MASS DENSITY = 0.97497 g/cm^3
Info: ATOM DENSITY = 0.0951434 atoms/A^3
Info: *****************************
Info: 
Info: Entering startup at 11.7189 s, 1756.63 MB of memory in use
Info: Startup phase 0 took 0.00288606 s, 1756.63 MB of memory in use
Info: ADDED 280542 IMPLICIT EXCLUSIONS
Info: Startup phase 1 took 0.0964091 s, 1792.73 MB of memory in use
Info: NONBONDED TABLE R-SQUARED SPACING: 0.0625
Info: NONBONDED TABLE SIZE: 769 POINTS
Info: INCONSISTENCY IN FAST TABLE ENERGY VS FORCE: 0.000325096 AT 11.9556
Info: INCONSISTENCY IN SCOR TABLE ENERGY VS FORCE: 0.000324844 AT 11.9556
Info: ABSOLUTE IMPRECISION IN VDWA TABLE ENERGY: 9.6778e-33 AT 11.9974
Info: RELATIVE IMPRECISION IN VDWA TABLE ENERGY: 5.22874e-17 AT 11.9974
Info: INCONSISTENCY IN VDWA TABLE ENERGY VS FORCE: 0.0040507 AT 0.251946
Info: ABSOLUTE IMPRECISION IN VDWB TABLE ENERGY: 4.35199e-26 AT 11.9974
Info: RELATIVE IMPRECISION IN VDWB TABLE ENERGY: 7.56498e-17 AT 11.9974
Info: INCONSISTENCY IN VDWB TABLE ENERGY VS FORCE: 0.00150189 AT 0.251946
Info: Startup phase 2 took 0.008008 s, 1796.7 MB of memory in use
Info: Startup phase 3 took 0.000715971 s, 1796.7 MB of memory in use
Info: Startup phase 4 took 0.00399399 s, 1798.12 MB of memory in use
Info: Startup phase 5 took 0.000189066 s, 1798.12 MB of memory in use
Info: PATCH GRID IS 7 (PERIODIC) BY 7 (PERIODIC) BY 7 (PERIODIC)
Info: PATCH GRID IS 1-AWAY BY 1-AWAY BY 1-AWAY
Info: REMOVING COM VELOCITY 0.0214105 0.0215501 -0.0147875
Info: LARGEST PATCH (228) HAS 602 ATOMS
Info: TORUS A SIZE 1 USING 0
Info: TORUS B SIZE 1 USING 0
Info: TORUS C SIZE 1 USING 0
Info: TORUS MINIMAL MESH SIZE IS 1 BY 1 BY 1
Info: Placed 100% of base nodes on same physical node as patch
Info: Startup phase 6 took 0.068815 s, 1830.5 MB of memory in use
Info: PME using 21 and 21 processors for FFT and reciprocal sum.
Info: PME GRID LOCATIONS: 1 2 3 4 5 6 7 9 10 11 ...
Info: PME TRANS LOCATIONS: 1 2 3 4 5 6 7 8 9 10 ...
Info: PME USING 1 GRID NODES AND 1 TRANS NODES
Info: Startup phase 7 took 0.00467992 s, 1830.5 MB of memory in use
Info: Startup phase 8 took 0.000158072 s, 1830.5 MB of memory in use
Info: Startup phase 9 took 0.000156879 s, 1830.5 MB of memory in use
Info: Startup phase 10 took 0.000146151 s, 1830.5 MB of memory in use
Info: Startup phase 11 took 0.00593495 s, 1830.5 MB of memory in use
LDB: Central LB being created...
Info: Startup phase 12 took 0.00658703 s, 1830.5 MB of memory in use
Info: CREATING 6980 COMPUTE OBJECTS
Info: useSync: 0 useProxySync: 0
Info: Startup phase 13 took 0.102736 s, 1830.5 MB of memory in use
Info: Startup phase 14 took 0.000211 s, 1830.5 MB of memory in use
Info: Startup phase 15 took 0.000509024 s, 1830.5 MB of memory in use
Info: Finished startup at 12.021 s, 1830.5 MB of memory in use

ETITLE:      TS           BOND          ANGLE          DIHED          IMPRP               ELECT            VDW       BOUNDARY           MISC        KINETIC               TOTAL           TEMP      POTENTIAL         TOTAL3        TEMPAVG            PRESSURE      GPRESSURE         VOLUME       PRESSAVG      GPRESSAVG

ENERGY:       0      4426.0431     12285.8694     13915.1436       779.7604        -678407.5976     62025.6404         0.0000         0.0000    117449.4037        -467525.7371       308.9517   -584975.1408   -467423.7568       308.9517           -122.8841       -32.5317   1953125.0000      -122.8841       -32.5317

LDB: ============= START OF LOAD BALANCING ============== 15.0644
LDB: ============== END OF LOAD BALANCING =============== 15.0646
Info: useSync: 0 useProxySync: 0
LDB: =============== DONE WITH MIGRATION ================ 15.0653
LDB: ============= START OF LOAD BALANCING ============== 24.9745
LDB: Largest compute 501 load 0.247531 is 2.7% of average load 9.204696
LDB: Average compute 0.030512 is 0.3% of average load 9.204696
LDB: Partitioning computes with target load 0.920470
LDB: Increased migratable compute count from 6517 to 6517
LDB: Largest unpartitionable compute is 0.041511
LDB: ============== END OF LOAD BALANCING =============== 24.9788
Info: useSync: 0 useProxySync: 0
LDB: =============== DONE WITH MIGRATION ================ 24.9803
Info: Initial time: 24 CPUs 0.12391 s/step 1.43414 days/ns 1845.61 MB memory
LDB: ============= START OF LOAD BALANCING ============== 27.4585
LDB: ============== END OF LOAD BALANCING =============== 27.4587
Info: useSync: 0 useProxySync: 0
LDB: =============== DONE WITH MIGRATION ================ 27.4594
LDB: ============= START OF LOAD BALANCING ============== 37.3507
LDB: Largest compute 571 load 0.247484 is 2.7% of average load 9.177193
LDB: Average compute 0.030442 is 0.3% of average load 9.177193
LDB: TIME 37.3543 LOAD: AVG 9.17719 MAX 9.88991  PROXIES: TOTAL 763 MAXPE 33 MAXPATCH 5 None MEM: 1846.22 MB
LDB: TIME 37.3601 LOAD: AVG 9.17719 MAX 9.41926  PROXIES: TOTAL 763 MAXPE 33 MAXPATCH 5 TorusLB MEM: 1846.22 MB
LDB: ============== END OF LOAD BALANCING =============== 37.3658
Info: useSync: 0 useProxySync: 0
LDB: =============== DONE WITH MIGRATION ================ 37.3701
Info: Initial time: 24 CPUs 0.123597 s/step 1.43052 days/ns 1851.46 MB memory
LDB: ============= START OF LOAD BALANCING ============== 49.2629
LDB: Largest compute 571 load 0.323630 is 2.8% of average load 11.554619
LDB: Average compute 0.038209 is 0.3% of average load 11.554619
LDB: TIME 49.2662 LOAD: AVG 11.5546 MAX 11.8685  PROXIES: TOTAL 763 MAXPE 33 MAXPATCH 5 None MEM: 1851.46 MB
LDB: TIME 49.2677 LOAD: AVG 11.5546 MAX 11.8685  PROXIES: TOTAL 763 MAXPE 33 MAXPATCH 5 RefineTorusLB MEM: 1851.46 MB
LDB: TIME 49.2694 LOAD: AVG 11.5546 MAX 11.7125  PROXIES: TOTAL 763 MAXPE 33 MAXPATCH 5 RefineTorusLB MEM: 1851.46 MB
LDB: ============== END OF LOAD BALANCING =============== 49.2708
Info: useSync: 0 useProxySync: 0
LDB: =============== DONE WITH MIGRATION ================ 49.2722
Info: Initial time: 24 CPUs 0.118872 s/step 1.37583 days/ns 1851.46 MB memory
LDB: ============= START OF LOAD BALANCING ============== 61.1102
LDB: Largest compute 571 load 0.331228 is 2.9% of average load 11.596884
LDB: Average compute 0.038320 is 0.3% of average load 11.596884
LDB: TIME 61.1136 LOAD: AVG 11.5969 MAX 11.7894  PROXIES: TOTAL 763 MAXPE 33 MAXPATCH 5 None MEM: 1851.46 MB
LDB: TIME 61.1151 LOAD: AVG 11.5969 MAX 11.7894  PROXIES: TOTAL 763 MAXPE 33 MAXPATCH 5 RefineTorusLB MEM: 1851.46 MB
LDB: TIME 61.1159 LOAD: AVG 11.5969 MAX 11.7504  PROXIES: TOTAL 763 MAXPE 33 MAXPATCH 5 RefineTorusLB MEM: 1851.46 MB
LDB: ============== END OF LOAD BALANCING =============== 61.1173
Info: useSync: 0 useProxySync: 0
LDB: =============== DONE WITH MIGRATION ================ 61.1187
Info: Benchmark time: 24 CPUs 0.118385 s/step 1.37019 days/ns 1851.46 MB memory
Info: Benchmark time: 24 CPUs 0.118225 s/step 1.36834 days/ns 1851.46 MB memory
Info: Benchmark time: 24 CPUs 0.118688 s/step 1.37371 days/ns 1851.46 MB memory
Info: Benchmark time: 24 CPUs 0.118966 s/step 1.37692 days/ns 1851.46 MB memory
Info: Benchmark time: 24 CPUs 0.119425 s/step 1.38223 days/ns 1851.46 MB memory
Info: Benchmark time: 24 CPUs 0.119997 s/step 1.38885 days/ns 1851.46 MB memory
TIMING: 1000  CPU: 120.5, 0.1199/step  Wall: 120.958, 0.120059/step, 9.97155 hours remaining, 1851.457031 MB of memory in use.
ENERGY:    1000      4394.2459     12315.3894     13926.4011       765.1411        -664512.5055     54341.0638         0.0000         0.0000    116802.6457        -461967.6187       307.2504   -578770.2643   -461861.8306       306.4677           -194.0758       -99.9594   1889066.6195        -7.3177        -7.2348

OPENING COORDINATE DCD FILE
WRITING COORDINATES TO DCD FILE output/txn_equil.dcd AT STEP 1000
The last position output (seq=1000) takes 0.907 seconds, 1851.457 MB of memory in use
WRITING COORDINATES TO DCD FILE output/txn_equil.dcd AT STEP 2000
The last position output (seq=2000) takes 0.011 seconds, 1854.824 MB of memory in use
TIMING: 2000  CPU: 241.43, 0.12093/step  Wall: 242.794, 0.121836/step, 10.0853 hours remaining, 1859.140625 MB of memory in use.
ENERGY:    2000      4374.1834     12328.1300     14040.5830       798.2909        -662177.7155     52613.5497         0.0000         0.0000    117372.5166        -460650.4620       308.7494   -578022.9785   -460556.1810       308.3691           -198.5492      -114.0362   1864173.4894        -4.6942        -4.5970

WRITING COORDINATES TO DCD FILE output/txn_equil.dcd AT STEP 3000
The last position output (seq=3000) takes 0.009 seconds, 1859.141 MB of memory in use
TIMING: 3000  CPU: 363.33, 0.1219/step  Wall: 364.833, 0.122039/step, 10.0682 hours remaining, 1859.449219 MB of memory in use.
ENERGY:    3000      4241.0144     12202.5805     13921.1010       782.8471        -661773.6935     52495.5568         0.0000         0.0000    118112.1194        -460018.4742       310.6950   -578130.5936   -459934.9548       310.1220            -83.2398        16.8400   1855927.6859        -5.4005        -5.2855

WRITING COORDINATES TO DCD FILE output/txn_equil.dcd AT STEP 4000
The last position output (seq=4000) takes 0.009 seconds, 1859.449 MB of memory in use
TIMING: 4000  CPU: 486.21, 0.12288/step  Wall: 487.862, 0.123029/step, 10.1157 hours remaining, 1859.855469 MB of memory in use.
ENERGY:    4000      4302.0066     12084.4691     13917.2106       780.6231        -661271.6356     52375.3117         0.0000         0.0000    117913.4048        -459898.6097       310.1722   -577812.0145   -459805.0041       310.3660            -18.9182        64.6100   1853319.1761        -5.2083        -5.3026

LDB: ============= START OF LOAD BALANCING ============== 536.472
LDB: ============== END OF LOAD BALANCING =============== 536.473
Info: useSync: 0 useProxySync: 0
LDB: =============== DONE WITH MIGRATION ================ 536.473
LDB: ============= START OF LOAD BALANCING ============== 548.799
LDB: Largest compute 617 load 0.315750 is 2.6% of average load 11.997909
LDB: Average compute 0.039822 is 0.3% of average load 11.997909
LDB: TIME 548.802 LOAD: AVG 11.9979 MAX 12.3094  PROXIES: TOTAL 763 MAXPE 33 MAXPATCH 5 None MEM: 1859.86 MB
LDB: TIME 548.804 LOAD: AVG 11.9979 MAX 12.3094  PROXIES: TOTAL 763 MAXPE 33 MAXPATCH 5 RefineTorusLB MEM: 1859.86 MB
LDB: TIME 548.805 LOAD: AVG 11.9979 MAX 12.1616  PROXIES: TOTAL 763 MAXPE 33 MAXPATCH 5 RefineTorusLB MEM: 1859.86 MB
LDB: ============== END OF LOAD BALANCING =============== 548.807
Info: useSync: 0 useProxySync: 0
LDB: =============== DONE WITH MIGRATION ================ 548.808
WRITING COORDINATES TO DCD FILE output/txn_equil.dcd AT STEP 5000
The last position output (seq=5000) takes 0.009 seconds, 1859.855 MB of memory in use
TIMING: 5000  CPU: 608.97, 0.12276/step  Wall: 610.762, 0.122899/step, 10.0709 hours remaining, 1860.296875 MB of memory in use.
ENERGY:    5000      4412.5852     12208.1179     13868.1476       794.3584        -662565.7694     52082.6267         0.0000         0.0000    117881.6641        -461318.2696       310.0887   -579199.9337   -461217.5914       310.2314           -173.3717       -81.9672   1849660.6405         2.7252         2.8173

WRITING COORDINATES TO DCD FILE output/txn_equil.dcd AT STEP 6000
The last position output (seq=6000) takes 0.009 seconds, 1860.297 MB of memory in use
TIMING: 6000  CPU: 731.93, 0.12296/step  Wall: 733.854, 0.123092/step, 10.0526 hours remaining, 1860.601562 MB of memory in use.
ENERGY:    6000      4211.5383     12166.4818     13842.1794       778.1978        -662357.2591     52307.8931         0.0000         0.0000    117741.9213        -461309.0473       309.7211   -579050.9687   -461213.1284       309.8831            -53.0398        38.4222   1848476.4368         1.9191         1.6581

TIMING: 7000  CPU: 854.57, 0.12264/step  Wall: 856.645, 0.12279/step, 9.99376 hours remaining, 1860.601562 MB of memory in use.
ENERGY:    7000      4403.5026     12288.9801     13851.7433       753.8623        -662262.9716     52178.0409         0.0000         0.0000    117712.1707        -461074.6717       309.6429   -578786.8425   -460979.5166       310.1125           -145.4302       -64.4326   1850536.5029        -0.4075        -0.2699

WRITING COORDINATES TO DCD FILE output/txn_equil.dcd AT STEP 7000
The last position output (seq=7000) takes 0.009 seconds, 1860.602 MB of memory in use
WRITING COORDINATES TO DCD FILE output/txn_equil.dcd AT STEP 8000
The last position output (seq=8000) takes 0.009 seconds, 1860.602 MB of memory in use
TIMING: 8000  CPU: 978.3, 0.12373/step  Wall: 980.507, 0.123863/step, 10.0466 hours remaining, 1860.601562 MB of memory in use.
ENERGY:    8000      4322.1194     12207.2760     13853.7167       765.9011        -661813.8231     51711.4526         0.0000         0.0000    117911.8988        -461041.4586       310.1683   -578953.3574   -460935.6543       310.5423            -95.0522        -7.3703   1846719.9853        -2.7916        -2.6695

LDB: ============= START OF LOAD BALANCING ============== 1029.18
LDB: ============== END OF LOAD BALANCING =============== 1029.18
Info: useSync: 0 useProxySync: 0
LDB: =============== DONE WITH MIGRATION ================ 1029.18
LDB: ============= START OF LOAD BALANCING ============== 1041.56
LDB: Largest compute 501 load 0.309476 is 2.6% of average load 12.035784
LDB: Average compute 0.039974 is 0.3% of average load 12.035784
LDB: TIME 1041.56 LOAD: AVG 12.0358 MAX 12.3339  PROXIES: TOTAL 763 MAXPE 33 MAXPATCH 5 None MEM: 1860.6 MB
LDB: TIME 1041.56 LOAD: AVG 12.0358 MAX 12.3339  PROXIES: TOTAL 763 MAXPE 33 MAXPATCH 5 RefineTorusLB MEM: 1860.6 MB
LDB: TIME 1041.57 LOAD: AVG 12.0358 MAX 12.1979  PROXIES: TOTAL 770 MAXPE 36 MAXPATCH 5 RefineTorusLB MEM: 1860.6 MB
LDB: ============== END OF LOAD BALANCING =============== 1041.57
Info: useSync: 0 useProxySync: 0
LDB: =============== DONE WITH MIGRATION ================ 1041.57
WRITING COORDINATES TO DCD FILE output/txn_equil.dcd AT STEP 9000
The last position output (seq=9000) takes 0.009 seconds, 1860.602 MB of memory in use
TIMING: 9000  CPU: 1101.37, 0.12307/step  Wall: 1103.72, 0.123208/step, 9.95932 hours remaining, 1860.906250 MB of memory in use.
ENERGY:    9000      4341.1210     12183.6824     13865.6854       790.1520        -662073.5793     51678.4366         0.0000         0.0000    118572.6680        -460641.8340       311.9064   -579214.5020   -460554.7630       310.6203           -149.6503       -58.1963   1844258.7738         2.7941         2.9390

WRITING COORDINATES TO DCD FILE output/txn_equil.dcd AT STEP 10000
WRITING COORDINATES TO RESTART FILE AT STEP 10000
FINISHED WRITING RESTART COORDINATES
The last position output (seq=10000) takes 0.668 seconds, 1866.281 MB of memory in use
WRITING VELOCITIES TO RESTART FILE AT STEP 10000
FINISHED WRITING RESTART VELOCITIES
The last velocity output (seq=10000) takes 0.593 seconds, 1870.535 MB of memory in use
TIMING: 10000  CPU: 1224.4, 0.12303/step  Wall: 1228.12, 0.124404/step, 10.0214 hours remaining, 1870.535156 MB of memory in use.
ETITLE:      TS           BOND          ANGLE          DIHED          IMPRP               ELECT            VDW       BOUNDARY           MISC        KINETIC               TOTAL           TEMP      POTENTIAL         TOTAL3        TEMPAVG            PRESSURE      GPRESSURE         VOLUME       PRESSAVG      GPRESSAVG

ENERGY:   10000      4431.8564     12094.7014     13818.4617       778.6432        -661569.5534     51309.7793         0.0000         0.0000    117759.7237        -461376.3878       309.7680   -579136.1115   -461271.5426       310.6731           -203.7482      -121.1879   1846306.1976         4.1912         4.0591

WRITING EXTENDED SYSTEM TO RESTART FILE AT STEP 10000
WRITING COORDINATES TO DCD FILE output/txn_equil.dcd AT STEP 11000
TIMING: 11000  CPU: 1347.51, 0.12311/step  Wall: 1351.49, 0.123369/step, 9.90381 hours remaining, 1870.535156 MB of memory in use.
ENERGY:   11000      4383.2903     12285.0816     13846.7519       815.4322        -661995.9541     51441.2277         0.0000         0.0000    117560.5084        -461663.6619       309.2439   -579224.1703   -461565.4065       310.2330           -257.8012      -164.1063   1848289.6070         1.2080         1.2450

WRITING COORDINATES TO DCD FILE output/txn_equil.dcd AT STEP 12000
TIMING: 12000  CPU: 1470.82, 0.12331/step  Wall: 1474.95, 0.123457/step, 9.87655 hours remaining, 1870.535156 MB of memory in use.
ENERGY:   12000      4288.6659     12233.6599     13841.3266       728.4109        -662870.4509     51876.8733         0.0000         0.0000    118352.0244        -461549.4899       311.3260   -579901.5143   -461465.2323       310.3431            -12.9360        83.1120   1843342.4837         1.5693         1.6703

LDB: ============= START OF LOAD BALANCING ============== 1523.65
LDB: ============== END OF LOAD BALANCING =============== 1523.65
Info: useSync: 0 useProxySync: 0
LDB: =============== DONE WITH MIGRATION ================ 1523.65
LDB: ============= START OF LOAD BALANCING ============== 1536.01
LDB: Largest compute 571 load 0.313938 is 2.6% of average load 12.057054
LDB: Average compute 0.040008 is 0.3% of average load 12.057054
LDB: TIME 1536.02 LOAD: AVG 12.0571 MAX 12.3587  PROXIES: TOTAL 763 MAXPE 33 MAXPATCH 5 None MEM: 1870.54 MB
LDB: TIME 1536.02 LOAD: AVG 12.0571 MAX 12.3587  PROXIES: TOTAL 770 MAXPE 36 MAXPATCH 5 RefineTorusLB MEM: 1870.54 MB
LDB: TIME 1536.02 LOAD: AVG 12.0571 MAX 12.2061  PROXIES: TOTAL 770 MAXPE 36 MAXPATCH 5 RefineTorusLB MEM: 1870.54 MB
LDB: ============== END OF LOAD BALANCING =============== 1536.02
Info: useSync: 0 useProxySync: 0
LDB: =============== DONE WITH MIGRATION ================ 1536.02
TIMING: 13000  CPU: 1594.04, 0.12322/step  Wall: 1598.31, 0.123361/step, 9.83459 hours remaining, 1870.535156 MB of memory in use.
ENERGY:   13000      4339.9896     12233.2659     13732.2879       748.1105        -662150.1530     51391.9673         0.0000         0.0000    117645.6263        -462058.9056       309.4678   -579704.5319   -461956.2103       310.0042           -151.6197       -57.4910   1840886.9628         3.0593         2.8767

WRITING COORDINATES TO DCD FILE output/txn_equil.dcd AT STEP 13000
WRITING COORDINATES TO DCD FILE output/txn_equil.dcd AT STEP 14000
TIMING: 14000  CPU: 1717.5, 0.12346/step  Wall: 1721.9, 0.123593/step, 9.8188 hours remaining, 1870.535156 MB of memory in use.
ENERGY:   14000      4326.4007     12214.3598     13745.7621       762.4368        -662708.9286     51909.8709         0.0000         0.0000    117780.6102        -461969.4881       309.8229   -579750.0983   -461865.2051       309.7337           -109.0705       -16.6707   1845269.2726         2.1595         2.0904

WRITING COORDINATES TO DCD FILE output/txn_equil.dcd AT STEP 15000
TIMING: 15000  CPU: 1840.83, 0.12333/step  Wall: 1845.37, 0.12347/step, 9.77469 hours remaining, 1870.535156 MB of memory in use.
ENERGY:   15000      4352.6129     12229.6641     13808.8701       734.2374        -662853.4352     51875.3218         0.0000         0.0000    117723.0765        -462129.6525       309.6716   -579852.7290   -462068.5047       310.1291           -108.0144       -18.7430   1845401.2971         2.0569         2.0618

WRITING COORDINATES TO DCD FILE output/txn_equil.dcd AT STEP 16000
TIMING: 16000  CPU: 1964.36, 0.12353/step  Wall: 1969.04, 0.123668/step, 9.75601 hours remaining, 1870.535156 MB of memory in use.
ENERGY:   16000      4371.7730     12258.5643     13772.8087       762.7041        -662070.2601     51219.2485         0.0000         0.0000    117988.4496        -461696.7118       310.3696   -579685.1614   -461605.1970       309.8570           -203.2881      -109.5665   1846876.8506         3.9155         4.0260

LDB: ============= START OF LOAD BALANCING ============== 2017.96
LDB: ============== END OF LOAD BALANCING =============== 2017.96
Info: useSync: 0 useProxySync: 0
LDB: =============== DONE WITH MIGRATION ================ 2017.96
LDB: ============= START OF LOAD BALANCING ============== 2030.41
LDB: Largest compute 571 load 0.314016 is 2.6% of average load 12.068133
LDB: Average compute 0.040042 is 0.3% of average load 12.068133
LDB: TIME 2030.41 LOAD: AVG 12.0681 MAX 12.4427  PROXIES: TOTAL 763 MAXPE 33 MAXPATCH 5 None MEM: 1870.54 MB
LDB: TIME 2030.41 LOAD: AVG 12.0681 MAX 12.4427  PROXIES: TOTAL 770 MAXPE 36 MAXPATCH 5 RefineTorusLB MEM: 1870.54 MB
LDB: TIME 2030.41 LOAD: AVG 12.0681 MAX 12.2316  PROXIES: TOTAL 770 MAXPE 36 MAXPATCH 5 RefineTorusLB MEM: 1870.54 MB
LDB: ============== END OF LOAD BALANCING =============== 2030.41
Info: useSync: 0 useProxySync: 0
LDB: =============== DONE WITH MIGRATION ================ 2030.42
TIMING: 17000  CPU: 2087.65, 0.12329/step  Wall: 2092.47, 0.123433/step, 9.70319 hours remaining, 1870.535156 MB of memory in use.
ENERGY:   17000      4345.6312     12249.6072     13713.2379       772.7941        -664082.5952     52795.6041         0.0000         0.0000    118176.5651        -462029.1557       310.8645   -580205.7208   -461936.0001       310.1338             55.5632       153.4969   1840780.5636         3.5834         3.6470

WRITING COORDINATES TO DCD FILE output/txn_equil.dcd AT STEP 17000
WRITING COORDINATES TO DCD FILE output/txn_equil.dcd AT STEP 18000
TIMING: 18000  CPU: 2210.77, 0.12312/step  Wall: 2215.73, 0.12326/step, 9.65539 hours remaining, 1870.535156 MB of memory in use.
ENERGY:   18000      4351.1443     12168.9505     13693.1627       768.3340        -663335.8304     51761.9859         0.0000         0.0000    118043.0228        -462549.2302       310.5132   -580592.2530   -462456.7128       310.0532            -14.4659        71.9273   1841267.3372         1.2830         1.1613

WRITING COORDINATES TO DCD FILE output/txn_equil.dcd AT STEP 19000
TIMING: 19000  CPU: 2333.96, 0.12319/step  Wall: 2339.06, 0.123327/step, 9.62635 hours remaining, 1870.535156 MB of memory in use.
ENERGY:   19000      4292.8261     12240.1175     13787.2048       803.2706        -663148.9631     51851.8099         0.0000         0.0000    118017.2716        -462156.4627       310.4455   -580173.7343   -462052.0643       309.8239            -49.3228        39.2960   1841580.9719         9.3169         9.2085

WRITING COORDINATES TO DCD FILE output/txn_equil.dcd AT STEP 20000
WRITING COORDINATES TO RESTART FILE AT STEP 20000
FINISHED WRITING RESTART COORDINATES
TIMING: 20000  CPU: 2457.14, 0.12318/step  Wall: 2463.48, 0.124419/step, 9.67702 hours remaining, 1870.535156 MB of memory in use.
ETITLE:      TS           BOND          ANGLE          DIHED          IMPRP               ELECT            VDW       BOUNDARY           MISC        KINETIC               TOTAL           TEMP      POTENTIAL         TOTAL3        TEMPAVG            PRESSURE      GPRESSURE         VOLUME       PRESSAVG      GPRESSAVG

ENERGY:   20000      4463.9125     12145.9671     13749.7934       778.3302        -663272.4299     51815.0535         0.0000         0.0000    117650.6324        -462668.7407       309.4810   -580319.3731   -462562.8727       309.7560           -168.9097       -81.3576   1842562.6731        -3.6846        -3.6031

WRITING EXTENDED SYSTEM TO RESTART FILE AT STEP 20000
WRITING VELOCITIES TO RESTART FILE AT STEP 20000
FINISHED WRITING RESTART VELOCITIES
The last velocity output (seq=20000) takes 0.825 seconds, 1870.535 MB of memory in use
LDB: ============= START OF LOAD BALANCING ============== 2513.08
LDB: ============== END OF LOAD BALANCING =============== 2513.08
Info: useSync: 0 useProxySync: 0
LDB: =============== DONE WITH MIGRATION ================ 2513.08
LDB: ============= START OF LOAD BALANCING ============== 2525.46
LDB: Largest compute 501 load 0.337861 is 2.8% of average load 12.072174
LDB: Average compute 0.040090 is 0.3% of average load 12.072174
LDB: TIME 2525.46 LOAD: AVG 12.0722 MAX 12.3517  PROXIES: TOTAL 763 MAXPE 33 MAXPATCH 5 None MEM: 1870.54 MB
LDB: TIME 2525.46 LOAD: AVG 12.0722 MAX 12.3517  PROXIES: TOTAL 770 MAXPE 36 MAXPATCH 5 RefineTorusLB MEM: 1870.54 MB
LDB: TIME 2525.46 LOAD: AVG 12.0722 MAX 12.2331  PROXIES: TOTAL 769 MAXPE 36 MAXPATCH 5 RefineTorusLB MEM: 1870.54 MB
LDB: ============== END OF LOAD BALANCING =============== 2525.47
Info: useSync: 0 useProxySync: 0
LDB: =============== DONE WITH MIGRATION ================ 2525.47
TIMING: 21000  CPU: 2580.27, 0.12313/step  Wall: 2587.7, 0.124222/step, 9.6272 hours remaining, 1870.535156 MB of memory in use.
ENERGY:   21000      4268.9120     12100.9363     13776.7511       812.0399        -663972.8639     52324.5430         0.0000         0.0000    117745.9833        -462943.6982       309.7318   -580689.6815   -462834.2109       309.2819              9.7459       106.5964   1840442.0246         1.4774         1.3627

WRITING COORDINATES TO DCD FILE output/txn_equil.dcd AT STEP 21000
WRITING COORDINATES TO DCD FILE output/txn_equil.dcd AT STEP 22000
TIMING: 22000  CPU: 2704.02, 0.12375/step  Wall: 2711.57, 0.123875/step, 9.56594 hours remaining, 1870.535156 MB of memory in use.
ENERGY:   22000      4347.0081     12213.8714     13748.6525       764.4274        -663185.6036     52069.0766         0.0000         0.0000    117586.3435        -462456.2241       309.3119   -580042.5676   -462384.7895       309.7665            -67.3600        18.3882   1840755.0048         4.4332         4.3276

WRITING COORDINATES TO DCD FILE output/txn_equil.dcd AT STEP 23000
TIMING: 23000  CPU: 2828.21, 0.12419/step  Wall: 2835.91, 0.124336/step, 9.56696 hours remaining, 1870.839844 MB of memory in use.
ENERGY:   23000      4352.9867     12127.6094     13782.6230       799.6604        -663308.3455     52093.3578         0.0000         0.0000    117570.6587        -462581.4494       309.2706   -580152.1081   -462500.8547       309.6728            -45.0355        42.9241   1842123.4324         3.2759         3.1695

WRITING COORDINATES TO DCD FILE output/txn_equil.dcd AT STEP 24000
TIMING: 24000  CPU: 2951.94, 0.12373/step  Wall: 2959.77, 0.123863/step, 9.49616 hours remaining, 1870.839844 MB of memory in use.
ENERGY:   24000      4252.3978     12143.7366     13717.9112       754.8350        -664415.4511     52458.4779         0.0000         0.0000    117496.1607        -463591.9318       309.0747   -581088.0925   -463487.2197       309.1617             27.8025       111.9880   1839002.2995        -0.9683        -0.9290

LDB: ============= START OF LOAD BALANCING ============== 3008.65
LDB: ============== END OF LOAD BALANCING =============== 3008.65
Info: useSync: 0 useProxySync: 0
LDB: =============== DONE WITH MIGRATION ================ 3008.65
LDB: ============= START OF LOAD BALANCING ============== 3021.05
LDB: Largest compute 501 load 0.320875 is 2.7% of average load 12.092243
LDB: Average compute 0.040134 is 0.3% of average load 12.092243
LDB: TIME 3021.05 LOAD: AVG 12.0922 MAX 12.3694  PROXIES: TOTAL 763 MAXPE 33 MAXPATCH 5 None MEM: 1870.84 MB
LDB: TIME 3021.06 LOAD: AVG 12.0922 MAX 12.3694  PROXIES: TOTAL 769 MAXPE 36 MAXPATCH 5 RefineTorusLB MEM: 1870.84 MB
LDB: TIME 3021.06 LOAD: AVG 12.0922 MAX 12.2449  PROXIES: TOTAL 769 MAXPE 36 MAXPATCH 5 RefineTorusLB MEM: 1870.84 MB
LDB: ============== END OF LOAD BALANCING =============== 3021.06
Info: useSync: 0 useProxySync: 0
LDB: =============== DONE WITH MIGRATION ================ 3021.06
WRITING COORDINATES TO DCD FILE output/txn_equil.dcd AT STEP 25000
TIMING: 25000  CPU: 3075.41, 0.12347/step  Wall: 3083.38, 0.123611/step, 9.44249 hours remaining, 1870.839844 MB of memory in use.
ENERGY:   25000      4299.7935     12094.1018     13666.6339       750.6108        -663394.4079     51966.1811         0.0000         0.0000    118282.7503        -462334.3365       311.1438   -580617.0868   -462230.5714       309.7664            -18.9456        67.0217   1838300.9430         4.2009         4.2106

WRITING COORDINATES TO DCD FILE output/txn_equil.dcd AT STEP 26000
TIMING: 26000  CPU: 3198.67, 0.12326/step  Wall: 3206.79, 0.123408/step, 9.39271 hours remaining, 1870.839844 MB of memory in use.
ENERGY:   26000      4393.8189     12176.3986     13704.4505       734.7661        -662321.3473     51182.6742         0.0000         0.0000    117735.8499        -462393.3889       309.7052   -580129.2389   -462305.2145       310.0439           -221.6616      -130.2249   1842023.6704         3.6138         3.5573

WRITING COORDINATES TO DCD FILE output/txn_equil.dcd AT STEP 27000
TIMING: 27000  CPU: 3322.19, 0.12352/step  Wall: 3330.44, 0.123652/step, 9.37696 hours remaining, 1870.839844 MB of memory in use.
ENERGY:   27000      4249.8733     12106.1740     13696.4686       787.4693        -664096.8578     52678.6434         0.0000         0.0000    118073.5043        -462504.7248       310.5934   -580578.2292   -462400.2306       309.9392              1.5239        89.6011   1841384.9590         4.6647         4.8024

WRITING COORDINATES TO DCD FILE output/txn_equil.dcd AT STEP 28000
TIMING: 28000  CPU: 3445.62, 0.12343/step  Wall: 3454.01, 0.123567/step, 9.3362 hours remaining, 1870.839844 MB of memory in use.
ENERGY:   28000      4343.0238     12250.0417     13733.3725       795.9910        -663533.8085     52011.2196         0.0000         0.0000    117709.0824        -462691.0775       309.6348   -580400.1599   -462589.6701       310.0869            -53.6174        38.5010   1840600.9800         2.7538         2.7717

LDB: ============= START OF LOAD BALANCING ============== 3502.69
LDB: ============== END OF LOAD BALANCING =============== 3502.69
Info: useSync: 0 useProxySync: 0
LDB: =============== DONE WITH MIGRATION ================ 3502.69
LDB: ============= START OF LOAD BALANCING ============== 3515.05
LDB: Largest compute 501 load 0.324559 is 2.7% of average load 12.089892
LDB: Average compute 0.040129 is 0.3% of average load 12.089892
LDB: TIME 3515.05 LOAD: AVG 12.0899 MAX 12.3559  PROXIES: TOTAL 763 MAXPE 33 MAXPATCH 5 None MEM: 1870.84 MB
LDB: TIME 3515.05 LOAD: AVG 12.0899 MAX 12.3559  PROXIES: TOTAL 769 MAXPE 36 MAXPATCH 5 RefineTorusLB MEM: 1870.84 MB
LDB: TIME 3515.06 LOAD: AVG 12.0899 MAX 12.2547  PROXIES: TOTAL 769 MAXPE 36 MAXPATCH 5 RefineTorusLB MEM: 1870.84 MB
LDB: ============== END OF LOAD BALANCING =============== 3515.06
Info: useSync: 0 useProxySync: 0
LDB: =============== DONE WITH MIGRATION ================ 3515.06
TIMING: 29000  CPU: 3568.85, 0.12323/step  Wall: 3577.38, 0.123369/step, 9.28692 hours remaining, 1870.839844 MB of memory in use.
ENERGY:   29000      4302.4079     12238.6856     13672.5930       769.0981        -663723.2353     52041.7056         0.0000         0.0000    117787.2396        -462911.5056       309.8404   -580698.7451   -462814.9450       309.8977            -70.1009        18.9842   1842231.6744         2.5984         2.4709

WRITING COORDINATES TO DCD FILE output/txn_equil.dcd AT STEP 29000
TIMING: 30000  CPU: 3692.47, 0.12362/step  Wall: 3701.15, 0.12377/step, 9.28272 hours remaining, 1870.839844 MB of memory in use.
ETITLE:      TS           BOND          ANGLE          DIHED          IMPRP               ELECT            VDW       BOUNDARY           MISC        KINETIC               TOTAL           TEMP      POTENTIAL         TOTAL3        TEMPAVG            PRESSURE      GPRESSURE         VOLUME       PRESSAVG      GPRESSAVG

ENERGY:   30000      4297.1140     12164.8953     13648.7055       744.8822        -663540.1582     52284.1951         0.0000         0.0000    117753.0206        -462647.3455       309.7503   -580400.3661   -462552.5123       309.6645            -49.5967        38.4878   1840612.3354         0.8235         0.6517

WRITING EXTENDED SYSTEM TO RESTART FILE AT STEP 30000
WRITING COORDINATES TO DCD FILE output/txn_equil.dcd AT STEP 30000
WRITING COORDINATES TO RESTART FILE AT STEP 30000
FINISHED WRITING RESTART COORDINATES
WRITING VELOCITIES TO RESTART FILE AT STEP 30000
FINISHED WRITING RESTART VELOCITIES
The last velocity output (seq=30000) takes 0.593 seconds, 1870.840 MB of memory in use
TIMING: 31000  CPU: 3816.29, 0.12382/step  Wall: 3826.9, 0.125754/step, 9.3966 hours remaining, 1870.839844 MB of memory in use.
ENERGY:   31000      4301.5861     12096.9675     13726.3261       765.8803        -662832.9893     51872.1374         0.0000         0.0000    117495.2075        -462574.8844       309.0722   -580070.0920   -462482.6354       310.1537           -135.3168       -44.0454   1843082.6292         0.5557         0.4653

WRITING COORDINATES TO DCD FILE output/txn_equil.dcd AT STEP 31000
WRITING COORDINATES TO DCD FILE output/txn_equil.dcd AT STEP 32000
TIMING: 32000  CPU: 3939.87, 0.12358/step  Wall: 3950.62, 0.123721/step, 9.21035 hours remaining, 1870.839844 MB of memory in use.
ENERGY:   32000      4311.3065     12398.0376     13671.8057       776.8257        -663474.6760     51733.0165         0.0000         0.0000    117588.5946        -462995.0895       309.3178   -580583.6841   -462890.2132       310.2170           -180.0081       -87.9035   1840654.3161         8.0919         7.9461

LDB: ============= START OF LOAD BALANCING ============== 3999.41
LDB: ============== END OF LOAD BALANCING =============== 3999.41
Info: useSync: 0 useProxySync: 0
LDB: =============== DONE WITH MIGRATION ================ 3999.42
LDB: ============= START OF LOAD BALANCING ============== 4011.79
LDB: Largest compute 458 load 0.326911 is 2.7% of average load 12.106052
LDB: Average compute 0.040143 is 0.3% of average load 12.106052
LDB: TIME 4011.8 LOAD: AVG 12.1061 MAX 12.3782  PROXIES: TOTAL 763 MAXPE 33 MAXPATCH 5 None MEM: 1870.84 MB
LDB: TIME 4011.8 LOAD: AVG 12.1061 MAX 12.3782  PROXIES: TOTAL 769 MAXPE 36 MAXPATCH 5 RefineTorusLB MEM: 1870.84 MB
LDB: TIME 4011.8 LOAD: AVG 12.1061 MAX 12.2629  PROXIES: TOTAL 769 MAXPE 36 MAXPATCH 5 RefineTorusLB MEM: 1870.84 MB
LDB: ============== END OF LOAD BALANCING =============== 4011.8
Info: useSync: 0 useProxySync: 0
LDB: =============== DONE WITH MIGRATION ================ 4011.8
WRITING COORDINATES TO DCD FILE output/txn_equil.dcd AT STEP 33000
TIMING: 33000  CPU: 4063.17, 0.1233/step  Wall: 4074.06, 0.123436/step, 9.15484 hours remaining, 1870.839844 MB of memory in use.
ENERGY:   33000      4274.5488     12221.0711     13675.5933       738.4120        -663476.4646     51708.9758         0.0000         0.0000    117773.2448        -463084.6187       309.8035   -580857.8635   -462994.8438       310.1393           -113.1244       -35.7494   1841285.1782        -1.9843        -1.9680

WRITING COORDINATES TO DCD FILE output/txn_equil.dcd AT STEP 34000
TIMING: 34000  CPU: 4186.78, 0.12361/step  Wall: 4197.82, 0.123758/step, 9.14433 hours remaining, 1870.839844 MB of memory in use.
ENERGY:   34000      4401.7260     12198.0919     13706.2497       765.0629        -663564.2440     51880.8418         0.0000         0.0000    117940.8203        -462671.4514       310.2444   -580612.2717   -462575.2170       309.9691           -111.1206       -19.9835   1840252.8374         2.3350         2.3631

WRITING COORDINATES TO DCD FILE output/txn_equil.dcd AT STEP 35000
TIMING: 35000  CPU: 4310.36, 0.12358/step  Wall: 4321.54, 0.12372/step, 9.10716 hours remaining, 1870.839844 MB of memory in use.
ENERGY:   35000      4377.4596     12323.7713     13653.9343       764.7164        -663210.8007     51583.1273         0.0000         0.0000    117716.6203        -462791.1714       309.6546   -580507.7916   -462698.1684       310.0177           -129.0067       -37.6956   1841452.5395        -7.4237        -7.5053

WRITING COORDINATES TO DCD FILE output/txn_equil.dcd AT STEP 36000
TIMING: 36000  CPU: 4434.33, 0.12397/step  Wall: 4445.64, 0.124107/step, 9.10116 hours remaining, 1870.839844 MB of memory in use.
ENERGY:   36000      4320.4966     12223.5641     13656.1295       768.4503        -662930.7264     51337.0850         0.0000         0.0000    117931.4165        -462693.5844       310.2196   -580625.0009   -462585.6411       309.8079           -163.2271       -70.1068   1842487.8227         2.3612         2.4630

LDB: ============= START OF LOAD BALANCING ============== 4494.37
LDB: ============== END OF LOAD BALANCING =============== 4494.37
Info: useSync: 0 useProxySync: 0
LDB: =============== DONE WITH MIGRATION ================ 4494.37
LDB: ============= START OF LOAD BALANCING ============== 4506.76
LDB: Largest compute 430 load 0.321778 is 2.7% of average load 12.125846
LDB: Average compute 0.040180 is 0.3% of average load 12.125846
LDB: TIME 4506.76 LOAD: AVG 12.1258 MAX 12.3759  PROXIES: TOTAL 763 MAXPE 33 MAXPATCH 5 None MEM: 1870.84 MB
LDB: TIME 4506.76 LOAD: AVG 12.1258 MAX 12.3759  PROXIES: TOTAL 769 MAXPE 36 MAXPATCH 5 RefineTorusLB MEM: 1870.84 MB
LDB: TIME 4506.76 LOAD: AVG 12.1258 MAX 12.2825  PROXIES: TOTAL 769 MAXPE 36 MAXPATCH 5 RefineTorusLB MEM: 1870.84 MB
LDB: ============== END OF LOAD BALANCING =============== 4506.76
Info: useSync: 0 useProxySync: 0
LDB: =============== DONE WITH MIGRATION ================ 4506.77
WRITING COORDINATES TO DCD FILE output/txn_equil.dcd AT STEP 37000
TIMING: 37000  CPU: 4557.71, 0.12338/step  Wall: 4569.17, 0.123524/step, 9.0241 hours remaining, 1870.839844 MB of memory in use.
ENERGY:   37000      4256.3118     12206.1840     13688.0299       791.6517        -663169.3099     51739.2874         0.0000         0.0000    117775.1416        -462712.7035       309.8085   -580487.8450   -462609.6698       309.9569            -79.4388         9.2970   1840077.7744         7.1904         7.2867

WRITING COORDINATES TO DCD FILE output/txn_equil.dcd AT STEP 38000
TIMING: 38000  CPU: 4681.16, 0.12345/step  Wall: 4692.75, 0.123586/step, 8.99433 hours remaining, 1870.839844 MB of memory in use.
ENERGY:   38000      4284.5992     12206.9275     13655.8355       783.9864        -664295.3652     52484.5542         0.0000         0.0000    118557.4537        -462322.0086       311.8664   -580879.4624   -462245.3955       310.2354            -27.0777        64.1920   1840679.4192         1.3752         1.4785

TIMING: 39000  CPU: 4807.35, 0.12619/step  Wall: 4819.1, 0.126342/step, 9.15978 hours remaining, 1870.839844 MB of memory in use.
ENERGY:   39000      4456.2214     12253.2666     13667.8384       781.1460        -663585.5401     52050.2564         0.0000         0.0000    117958.4786        -462418.3326       310.2908   -580376.8112   -462314.0433       310.2287           -142.9373       -45.8987   1842312.9693        -5.9715        -6.0824

WRITING COORDINATES TO DCD FILE output/txn_equil.dcd AT STEP 39000
WRITING COORDINATES TO DCD FILE output/txn_equil.dcd AT STEP 40000
WRITING COORDINATES TO RESTART FILE AT STEP 40000
FINISHED WRITING RESTART COORDINATES
WRITING VELOCITIES TO RESTART FILE AT STEP 40000
FINISHED WRITING RESTART VELOCITIES
The last velocity output (seq=40000) takes 0.771 seconds, 1870.840 MB of memory in use
TIMING: 40000  CPU: 4931.38, 0.12403/step  Wall: 4945.86, 0.126764/step, 9.1552 hours remaining, 1870.839844 MB of memory in use.
ETITLE:      TS           BOND          ANGLE          DIHED          IMPRP               ELECT            VDW       BOUNDARY           MISC        KINETIC               TOTAL           TEMP      POTENTIAL         TOTAL3        TEMPAVG            PRESSURE      GPRESSURE         VOLUME       PRESSAVG      GPRESSAVG

ENERGY:   40000      4350.5975     12092.5011     13698.3834       747.2714        -664225.2800     52333.0110         0.0000         0.0000    118195.2269        -462808.2887       310.9136   -581003.5156   -462725.8035       310.1943            -38.1554        53.0588   1841281.7083        -6.6056        -6.6683

WRITING EXTENDED SYSTEM TO RESTART FILE AT STEP 40000
LDB: ============= START OF LOAD BALANCING ============== 4994.77
LDB: ============== END OF LOAD BALANCING =============== 4994.77
Info: useSync: 0 useProxySync: 0
LDB: =============== DONE WITH MIGRATION ================ 4994.77
LDB: ============= START OF LOAD BALANCING ============== 5007.18
LDB: Largest compute 501 load 0.339632 is 2.8% of average load 12.127729
LDB: Average compute 0.040186 is 0.3% of average load 12.127729
LDB: TIME 5007.18 LOAD: AVG 12.1277 MAX 12.4037  PROXIES: TOTAL 763 MAXPE 33 MAXPATCH 5 None MEM: 1870.84 MB
LDB: TIME 5007.18 LOAD: AVG 12.1277 MAX 12.4037  PROXIES: TOTAL 769 MAXPE 36 MAXPATCH 5 RefineTorusLB MEM: 1870.84 MB
LDB: TIME 5007.18 LOAD: AVG 12.1277 MAX 12.29  PROXIES: TOTAL 769 MAXPE 36 MAXPATCH 5 RefineTorusLB MEM: 1870.84 MB
LDB: ============== END OF LOAD BALANCING =============== 5007.19
Info: useSync: 0 useProxySync: 0
LDB: =============== DONE WITH MIGRATION ================ 5007.19
WRITING COORDINATES TO DCD FILE output/txn_equil.dcd AT STEP 41000
TIMING: 41000  CPU: 5055, 0.12362/step  Wall: 5069.75, 0.123885/step, 8.91287 hours remaining, 1870.839844 MB of memory in use.
ENERGY:   41000      4414.7218     12085.9188     13643.7181       766.6401        -662934.8655     51171.4756         0.0000         0.0000    118235.3599        -462617.0312       311.0191   -580852.3910   -462522.3461       309.9583           -176.9115       -87.3060   1840045.6793         2.0657         2.0499

WRITING COORDINATES TO DCD FILE output/txn_equil.dcd AT STEP 42000
TIMING: 42000  CPU: 5178.67, 0.12367/step  Wall: 5193.56, 0.123811/step, 8.87314 hours remaining, 1870.839844 MB of memory in use.
ENERGY:   42000      4318.0478     11983.5811     13688.3963       751.8641        -663193.5679     51385.4721         0.0000         0.0000    117879.6570        -463186.5494       310.0835   -581066.2064   -463083.7804       310.0545           -145.4814       -50.7772   1840279.2899         3.0095         3.0294

WRITING COORDINATES TO DCD FILE output/txn_equil.dcd AT STEP 43000
TIMING: 43000  CPU: 5302.27, 0.1236/step  Wall: 5317.85, 0.124291/step, 8.87302 hours remaining, 1870.839844 MB of memory in use.
ENERGY:   43000      4427.6824     12265.0497     13597.2930       754.9109        -663689.9509     51639.2888         0.0000         0.0000    117781.2581        -463224.4680       309.8246   -581005.7261   -463117.3911       309.6285           -157.4499       -62.2390   1837351.5767         1.9285         1.9877

WRITING COORDINATES TO DCD FILE output/txn_equil.dcd AT STEP 44000
TIMING: 44000  CPU: 5425.89, 0.12362/step  Wall: 5441.61, 0.123762/step, 8.80087 hours remaining, 1870.839844 MB of memory in use.
ENERGY:   44000      4298.3268     12317.0390     13648.1009       777.1180        -663413.9740     51684.3157         0.0000         0.0000    117358.0103        -463331.0633       308.7113   -580689.0736   -463246.8852       309.6120            -37.4782        52.9766   1837325.2263        -1.0079        -0.9813

LDB: ============= START OF LOAD BALANCING ============== 5490.39
LDB: ============== END OF LOAD BALANCING =============== 5490.39
Info: useSync: 0 useProxySync: 0
LDB: =============== DONE WITH MIGRATION ================ 5490.39
LDB: ============= START OF LOAD BALANCING ============== 5502.74
LDB: Largest compute 501 load 0.335844 is 2.8% of average load 12.148466
LDB: Average compute 0.040228 is 0.3% of average load 12.148466
LDB: TIME 5502.74 LOAD: AVG 12.1485 MAX 12.3438  PROXIES: TOTAL 763 MAXPE 33 MAXPATCH 5 None MEM: 1870.84 MB
LDB: TIME 5502.74 LOAD: AVG 12.1485 MAX 12.3438  PROXIES: TOTAL 769 MAXPE 36 MAXPATCH 5 RefineTorusLB MEM: 1870.84 MB
LDB: TIME 5502.74 LOAD: AVG 12.1485 MAX 12.3094  PROXIES: TOTAL 769 MAXPE 36 MAXPATCH 5 RefineTorusLB MEM: 1870.84 MB
LDB: ============== END OF LOAD BALANCING =============== 5502.75
Info: useSync: 0 useProxySync: 0
LDB: =============== DONE WITH MIGRATION ================ 5502.75
WRITING COORDINATES TO DCD FILE output/txn_equil.dcd AT STEP 45000
TIMING: 45000  CPU: 5549.56, 0.12367/step  Wall: 5565.42, 0.123812/step, 8.77004 hours remaining, 1870.839844 MB of memory in use.
ENERGY:   45000      4302.4928     12221.5444     13651.6164       751.1455        -664699.8658     52216.2474         0.0000         0.0000    118344.4601        -463212.3592       311.3061   -581556.8193   -463113.4718       309.7695            -86.1449         6.5722   1838531.6717         3.7297         3.6726

WRITING COORDINATES TO DCD FILE output/txn_equil.dcd AT STEP 46000
TIMING: 46000  CPU: 5674.02, 0.12446/step  Wall: 5690.03, 0.124603/step, 8.79142 hours remaining, 1870.839844 MB of memory in use.
ENERGY:   46000      4262.6344     12285.0877     13651.4358       739.8518        -663936.0127     51594.8850         0.0000         0.0000    117687.8961        -463714.2219       309.5790   -581402.1180   -463614.8000       309.3220           -109.3056       -14.7038   1837667.2319         2.6155         2.8184

WRITING COORDINATES TO DCD FILE output/txn_equil.dcd AT STEP 47000
TIMING: 47000  CPU: 5798.77, 0.12475/step  Wall: 5814.92, 0.124893/step, 8.77718 hours remaining, 1870.839844 MB of memory in use.
ENERGY:   47000      4261.0553     12269.5832     13539.0193       768.5586        -664436.3932     51839.1967         0.0000         0.0000    117680.6330        -464078.3471       309.5599   -581758.9801   -463973.1108       309.1960            -96.3101         4.8522   1838686.9654        -0.2825        -0.3944

WRITING COORDINATES TO DCD FILE output/txn_equil.dcd AT STEP 48000
TIMING: 48000  CPU: 5923.59, 0.12482/step  Wall: 5939.88, 0.124959/step, 8.74714 hours remaining, 1870.839844 MB of memory in use.
ENERGY:   48000      4374.6055     12185.7450     13627.6863       765.4260        -664029.4241     51977.8267         0.0000         0.0000    117686.4496        -463411.6851       309.5752   -581098.1348   -463345.3478       309.2648           -168.3988       -78.3828   1837589.1300        -0.8762        -0.7630

LDB: ============= START OF LOAD BALANCING ============== 5988.92
LDB: ============== END OF LOAD BALANCING =============== 5988.92
Info: useSync: 0 useProxySync: 0
LDB: =============== DONE WITH MIGRATION ================ 5988.92
LDB: ============= START OF LOAD BALANCING ============== 6001.36
LDB: Largest compute 501 load 0.326122 is 2.7% of average load 12.144869
LDB: Average compute 0.040252 is 0.3% of average load 12.144869
LDB: TIME 6001.36 LOAD: AVG 12.1449 MAX 12.4311  PROXIES: TOTAL 763 MAXPE 33 MAXPATCH 5 None MEM: 1870.84 MB
LDB: TIME 6001.37 LOAD: AVG 12.1449 MAX 12.4311  PROXIES: TOTAL 769 MAXPE 36 MAXPATCH 5 RefineTorusLB MEM: 1870.84 MB
LDB: TIME 6001.37 LOAD: AVG 12.1449 MAX 12.3073  PROXIES: TOTAL 769 MAXPE 36 MAXPATCH 5 RefineTorusLB MEM: 1870.84 MB
LDB: ============== END OF LOAD BALANCING =============== 6001.37
Info: useSync: 0 useProxySync: 0
LDB: =============== DONE WITH MIGRATION ================ 6001.37
WRITING COORDINATES TO DCD FILE output/txn_equil.dcd AT STEP 49000
TIMING: 49000  CPU: 6047.64, 0.12405/step  Wall: 6064.07, 0.124193/step, 8.65901 hours remaining, 1870.839844 MB of memory in use.
ENERGY:   49000      4370.3883     12350.2052     13586.8433       762.3101        -663524.2484     51516.5547         0.0000         0.0000    117537.5490        -463400.3979       309.1835   -580937.9469   -463294.5634       309.5984           -114.0118       -20.5855   1839039.8256         4.9259         4.9534

TIMING: 50000  CPU: 6172.14, 0.1245/step  Wall: 6188.72, 0.124647/step, 8.65604 hours remaining, 1870.839844 MB of memory in use.
ETITLE:      TS           BOND          ANGLE          DIHED          IMPRP               ELECT            VDW       BOUNDARY           MISC        KINETIC               TOTAL           TEMP      POTENTIAL         TOTAL3        TEMPAVG            PRESSURE      GPRESSURE         VOLUME       PRESSAVG      GPRESSAVG

ENERGY:   50000      4361.8376     12038.5649     13608.2367       800.0145        -663958.0865     52083.8577         0.0000         0.0000    117881.3446        -463184.2305       310.0879   -581065.5751   -463076.7429       309.9640            -12.1497        74.9808   1838596.7782         1.3902         1.4106

WRITING EXTENDED SYSTEM TO RESTART FILE AT STEP 50000
WRITING COORDINATES TO DCD FILE output/txn_equil.dcd AT STEP 50000
WRITING COORDINATES TO RESTART FILE AT STEP 50000
FINISHED WRITING RESTART COORDINATES
WRITING VELOCITIES TO RESTART FILE AT STEP 50000
FINISHED WRITING RESTART VELOCITIES
The last velocity output (seq=50000) takes 0.606 seconds, 1870.840 MB of memory in use
WRITING COORDINATES TO DCD FILE output/txn_equil.dcd AT STEP 51000
TIMING: 51000  CPU: 6296.43, 0.12429/step  Wall: 6314.46, 0.125743/step, 8.69721 hours remaining, 1870.839844 MB of memory in use.
ENERGY:   51000      4332.1096     12175.0515     13561.5890       778.5862        -663421.1691     51410.9701         0.0000         0.0000    118099.8422        -463063.0205       310.6627   -581162.8627   -462972.2724       309.7504           -162.6831       -73.3918   1838160.2538        -2.7884        -2.8503

WRITING COORDINATES TO DCD FILE output/txn_equil.dcd AT STEP 52000
TIMING: 52000  CPU: 6420.79, 0.12436/step  Wall: 6438.97, 0.124509/step, 8.5773 hours remaining, 1870.839844 MB of memory in use.
ENERGY:   52000      4286.4669     12153.9721     13615.8186       788.8757        -663913.5046     51883.1777         0.0000         0.0000    118315.4597        -462869.7340       311.2298   -581185.1936   -462758.9902       310.1121            -71.2488        16.8810   1837765.4410         3.9570         3.9647

LDB: ============= START OF LOAD BALANCING ============== 6488.02
LDB: ============== END OF LOAD BALANCING =============== 6488.02
Info: useSync: 0 useProxySync: 0
LDB: =============== DONE WITH MIGRATION ================ 6488.02
LDB: ============= START OF LOAD BALANCING ============== 6500.45
LDB: Largest compute 501 load 0.327861 is 2.7% of average load 12.168248
LDB: Average compute 0.040302 is 0.3% of average load 12.168248
LDB: TIME 6500.46 LOAD: AVG 12.1682 MAX 12.4113  PROXIES: TOTAL 763 MAXPE 33 MAXPATCH 5 None MEM: 1870.84 MB
LDB: TIME 6500.46 LOAD: AVG 12.1682 MAX 12.4113  PROXIES: TOTAL 769 MAXPE 36 MAXPATCH 5 RefineTorusLB MEM: 1870.84 MB
LDB: TIME 6500.46 LOAD: AVG 12.1682 MAX 12.3239  PROXIES: TOTAL 769 MAXPE 36 MAXPATCH 5 RefineTorusLB MEM: 1870.84 MB
LDB: ============== END OF LOAD BALANCING =============== 6500.46
Info: useSync: 0 useProxySync: 0
LDB: =============== DONE WITH MIGRATION ================ 6500.46
WRITING COORDINATES TO DCD FILE output/txn_equil.dcd AT STEP 53000
TIMING: 53000  CPU: 6544.67, 0.12388/step  Wall: 6562.98, 0.124016/step, 8.50885 hours remaining, 1870.839844 MB of memory in use.
ENERGY:   53000      4308.4026     12092.1568     13652.7397       754.8851        -663024.0374     51728.0417         0.0000         0.0000    117423.8610        -463063.9505       308.8845   -580487.8115   -462967.0475       309.7823            -87.4768         5.6798   1842301.1814         6.4375         6.5085

WRITING COORDINATES TO DCD FILE output/txn_equil.dcd AT STEP 54000
TIMING: 54000  CPU: 6668.56, 0.12389/step  Wall: 6687.02, 0.124032/step, 8.47554 hours remaining, 1870.839844 MB of memory in use.
ENERGY:   54000      4292.3433     12142.6662     13517.6551       761.6565        -662917.9082     51914.9755         0.0000         0.0000    118081.0202        -462207.5913       310.6132   -580288.6115   -462137.6740       310.1010             -9.6879        85.4010   1842651.7541        -4.0850        -4.1237

TIMING: 55000  CPU: 6792.64, 0.12408/step  Wall: 6811.25, 0.124233/step, 8.45475 hours remaining, 1870.839844 MB of memory in use.
ENERGY:   55000      4348.9254     12218.5512     13620.5793       762.2259        -663265.8867     51612.0438         0.0000         0.0000    117995.9878        -462707.5733       310.3895   -580703.5611   -462606.5327       310.1908           -111.5018       -17.2478   1837680.7674         6.2545         6.1870

WRITING COORDINATES TO DCD FILE output/txn_equil.dcd AT STEP 55000
TIMING: 56000  CPU: 6916.59, 0.12395/step  Wall: 6935.34, 0.124091/step, 8.41062 hours remaining, 1870.839844 MB of memory in use.
ENERGY:   56000      4318.9148     12140.2042     13618.5477       805.8082        -663514.5494     51387.3475         0.0000         0.0000    117864.2365        -463379.4905       310.0429   -581243.7270   -463251.1993       310.0567           -135.1256       -40.4121   1837474.9220        -0.9281        -0.8775

WRITING COORDINATES TO DCD FILE output/txn_equil.dcd AT STEP 56000
LDB: ============= START OF LOAD BALANCING ============== 6984.27
LDB: ============== END OF LOAD BALANCING =============== 6984.27
Info: useSync: 0 useProxySync: 0
LDB: =============== DONE WITH MIGRATION ================ 6984.27
LDB: ============= START OF LOAD BALANCING ============== 6996.69
LDB: Largest compute 501 load 0.321673 is 2.6% of average load 12.153470
LDB: Average compute 0.040266 is 0.3% of average load 12.153470
LDB: TIME 6996.69 LOAD: AVG 12.1535 MAX 12.4196  PROXIES: TOTAL 763 MAXPE 33 MAXPATCH 5 None MEM: 1870.84 MB
LDB: TIME 6996.7 LOAD: AVG 12.1535 MAX 12.4196  PROXIES: TOTAL 769 MAXPE 36 MAXPATCH 5 RefineTorusLB MEM: 1870.84 MB
LDB: TIME 6996.7 LOAD: AVG 12.1535 MAX 12.3141  PROXIES: TOTAL 769 MAXPE 36 MAXPATCH 5 RefineTorusLB MEM: 1870.84 MB
LDB: ============== END OF LOAD BALANCING =============== 6996.7
Info: useSync: 0 useProxySync: 0
LDB: =============== DONE WITH MIGRATION ================ 6996.7
WRITING COORDINATES TO DCD FILE output/txn_equil.dcd AT STEP 57000
TIMING: 57000  CPU: 7040.36, 0.12377/step  Wall: 7059.24, 0.123903/step, 8.36348 hours remaining, 1870.839844 MB of memory in use.
ENERGY:   57000      4290.2435     12290.7239     13578.0332       735.4265        -664141.3828     51795.2653         0.0000         0.0000    117959.9723        -463491.7182       310.2947   -581451.6904   -463403.1048       309.6388           -100.4178        -8.4793   1837332.2798         6.4715         6.4852

WRITING COORDINATES TO DCD FILE output/txn_equil.dcd AT STEP 58000
TIMING: 58000  CPU: 7164.49, 0.12413/step  Wall: 7183.52, 0.124276/step, 8.3541 hours remaining, 1870.839844 MB of memory in use.
ENERGY:   58000      4446.9459     12088.7666     13630.2308       796.2752        -663691.5978     51942.5052         0.0000         0.0000    117617.7989        -463169.0752       309.3946   -580786.8741   -463102.3047       310.0938           -144.9722       -45.0268   1840445.0940        -0.0503         0.0324

WRITING COORDINATES TO DCD FILE output/txn_equil.dcd AT STEP 59000
TIMING: 59000  CPU: 7288.92, 0.12443/step  Wall: 7308.1, 0.124577/step, 8.33973 hours remaining, 1870.839844 MB of memory in use.
ENERGY:   59000      4377.5789     12206.0573     13558.5185       771.3572        -663717.3975     52132.7255         0.0000         0.0000    117602.4522        -463068.7078       309.3543   -580671.1600   -462945.6323       309.7664           -111.1329       -22.9193   1841328.8745        -1.2437        -1.1970

WRITING COORDINATES TO DCD FILE output/txn_equil.dcd AT STEP 60000
WRITING COORDINATES TO RESTART FILE AT STEP 60000
FINISHED WRITING RESTART COORDINATES
WRITING VELOCITIES TO RESTART FILE AT STEP 60000
FINISHED WRITING RESTART VELOCITIES
TIMING: 60000  CPU: 7413.25, 0.12433/step  Wall: 7433.91, 0.125814/step, 8.38762 hours remaining, 1870.839844 MB of memory in use.
ETITLE:      TS           BOND          ANGLE          DIHED          IMPRP               ELECT            VDW       BOUNDARY           MISC        KINETIC               TOTAL           TEMP      POTENTIAL         TOTAL3        TEMPAVG            PRESSURE      GPRESSURE         VOLUME       PRESSAVG      GPRESSAVG

ENERGY:   60000      4294.9203     12202.4721     13576.5710       750.1334        -663135.4923     51788.2593         0.0000         0.0000    117778.9964        -462744.1398       309.8187   -580523.1362   -462632.1842       309.6924           -111.4188       -20.4976   1839487.1391        -0.9971        -0.8777

WRITING EXTENDED SYSTEM TO RESTART FILE AT STEP 60000
LDB: ============= START OF LOAD BALANCING ============== 7482.9
LDB: ============== END OF LOAD BALANCING =============== 7482.9
Info: useSync: 0 useProxySync: 0
LDB: =============== DONE WITH MIGRATION ================ 7482.9
LDB: ============= START OF LOAD BALANCING ============== 7495.32
LDB: Largest compute 501 load 0.325983 is 2.7% of average load 12.168455
LDB: Average compute 0.040307 is 0.3% of average load 12.168455
LDB: TIME 7495.32 LOAD: AVG 12.1685 MAX 12.3892  PROXIES: TOTAL 763 MAXPE 33 MAXPATCH 5 None MEM: 1870.84 MB
LDB: TIME 7495.32 LOAD: AVG 12.1685 MAX 12.3892  PROXIES: TOTAL 769 MAXPE 36 MAXPATCH 5 RefineTorusLB MEM: 1870.84 MB
LDB: TIME 7495.32 LOAD: AVG 12.1685 MAX 12.3342  PROXIES: TOTAL 769 MAXPE 36 MAXPATCH 5 RefineTorusLB MEM: 1870.84 MB
LDB: ============== END OF LOAD BALANCING =============== 7495.32
Info: useSync: 0 useProxySync: 0
LDB: =============== DONE WITH MIGRATION ================ 7495.33
WRITING COORDINATES TO DCD FILE output/txn_equil.dcd AT STEP 61000
TIMING: 61000  CPU: 7537, 0.12375/step  Wall: 7557.93, 0.124016/step, 8.23325 hours remaining, 1870.839844 MB of memory in use.
ENERGY:   61000      4378.2649     12015.2144     13576.1373       721.3462        -664893.8568     52353.2635         0.0000         0.0000    118064.4035        -463785.2271       310.5694   -581849.6306   -463712.3037       309.6111            -53.2158        32.7079   1839742.3336         0.0223        -0.1358

TIMING: 62000  CPU: 7660.83, 0.12383/step  Wall: 7681.9, 0.123972/step, 8.1959 hours remaining, 1870.839844 MB of memory in use.
ENERGY:   62000      4408.4626     12291.6838     13627.8076       758.0899        -663902.9846     51899.7806         0.0000         0.0000    117719.0379        -463198.1223       309.6610   -580917.1602   -463104.3612       309.8316            -87.7465         1.8219   1835785.7566         1.1320         1.1309

WRITING COORDINATES TO DCD FILE output/txn_equil.dcd AT STEP 62000
TIMING: 63000  CPU: 7784.97, 0.12414/step  Wall: 7806.19, 0.124289/step, 8.18239 hours remaining, 1870.839844 MB of memory in use.
ENERGY:   63000      4334.1485     12146.6846     13583.5028       776.6276        -663823.1274     51987.3895         0.0000         0.0000    117881.7096        -463113.0648       310.0889   -580994.7744   -462982.9747       309.6820            -67.4031        21.5893   1839264.8614         1.5217         1.4767

WRITING COORDINATES TO DCD FILE output/txn_equil.dcd AT STEP 63000
WRITING COORDINATES TO DCD FILE output/txn_equil.dcd AT STEP 64000
TIMING: 64000  CPU: 7909.13, 0.12416/step  Wall: 7930.49, 0.124297/step, 8.14834 hours remaining, 1870.839844 MB of memory in use.
ENERGY:   64000      4357.2861     12154.8965     13533.1081       738.2839        -664337.7132     52043.5415         0.0000         0.0000    118280.8872        -463229.7099       311.1389   -581510.5971   -463116.0527       310.0328           -106.0729       -13.2347   1838438.8674         5.9025         5.8562

LDB: ============= START OF LOAD BALANCING ============== 7979.6
LDB: ============== END OF LOAD BALANCING =============== 7979.6
Info: useSync: 0 useProxySync: 0
LDB: =============== DONE WITH MIGRATION ================ 7979.6
LDB: ============= START OF LOAD BALANCING ============== 7992.08
LDB: Largest compute 458 load 0.328926 is 2.7% of average load 12.142892
LDB: Average compute 0.040233 is 0.3% of average load 12.142892
LDB: TIME 7992.08 LOAD: AVG 12.1429 MAX 12.4785  PROXIES: TOTAL 763 MAXPE 33 MAXPATCH 5 None MEM: 1870.84 MB
LDB: TIME 7992.08 LOAD: AVG 12.1429 MAX 12.4785  PROXIES: TOTAL 769 MAXPE 36 MAXPATCH 5 RefineTorusLB MEM: 1870.84 MB
LDB: TIME 7992.09 LOAD: AVG 12.1429 MAX 12.303  PROXIES: TOTAL 769 MAXPE 36 MAXPATCH 5 RefineTorusLB MEM: 1870.84 MB
LDB: ============== END OF LOAD BALANCING =============== 7992.09
Info: useSync: 0 useProxySync: 0
LDB: =============== DONE WITH MIGRATION ================ 7992.09
WRITING COORDINATES TO DCD FILE output/txn_equil.dcd AT STEP 65000
TIMING: 65000  CPU: 8033.34, 0.12421/step  Wall: 8054.83, 0.124347/step, 8.11711 hours remaining, 1870.839844 MB of memory in use.
ENERGY:   65000      4242.0333     12117.1129     13590.9952       773.3779        -662947.2857     51547.1422         0.0000         0.0000    118004.6021        -462672.0221       310.4121   -580676.6242   -462574.6896       310.0798           -121.0640       -32.3076   1839191.6301        -0.4272        -0.5146

WRITING COORDINATES TO DCD FILE output/txn_equil.dcd AT STEP 66000
TIMING: 66000  CPU: 8157.68, 0.12434/step  Wall: 8179.32, 0.124486/step, 8.09157 hours remaining, 1870.839844 MB of memory in use.
ENERGY:   66000      4333.1448     12080.6466     13585.5611       746.3741        -664571.1400     52413.0663         0.0000         0.0000    117624.1095        -463788.2377       309.4112   -581412.3472   -463688.4597       310.1557             76.7481       162.9046   1835070.8737        -3.5144        -3.6324

WRITING COORDINATES TO DCD FILE output/txn_equil.dcd AT STEP 67000
TIMING: 67000  CPU: 8282.05, 0.12437/step  Wall: 8303.83, 0.124507/step, 8.05839 hours remaining, 1870.839844 MB of memory in use.
ENERGY:   67000      4421.5067     12114.4959     13597.5893       726.7912        -662938.1850     51196.0281         0.0000         0.0000    117350.9552        -463530.8186       308.6927   -580881.7739   -463436.6118       309.7135           -196.3193      -109.8154   1840299.4612        -3.0504        -3.1626

WRITING COORDINATES TO DCD FILE output/txn_equil.dcd AT STEP 68000
TIMING: 68000  CPU: 8406.51, 0.12446/step  Wall: 8428.43, 0.124603/step, 8.02997 hours remaining, 1870.839844 MB of memory in use.
ENERGY:   68000      4428.0062     12302.4983     13679.6643       782.8134        -664506.9984     52425.9252         0.0000         0.0000    117850.3907        -463037.7003       310.0065   -580888.0910   -462960.8819       310.2237              8.1444        92.2391   1833769.5615         1.8837         1.8393

LDB: ============= START OF LOAD BALANCING ============== 8477.44
LDB: ============== END OF LOAD BALANCING =============== 8477.44
Info: useSync: 0 useProxySync: 0
LDB: =============== DONE WITH MIGRATION ================ 8477.44
LDB: ============= START OF LOAD BALANCING ============== 8489.9
LDB: Largest compute 430 load 0.320704 is 2.6% of average load 12.183662
LDB: Average compute 0.040339 is 0.3% of average load 12.183662
LDB: TIME 8489.9 LOAD: AVG 12.1837 MAX 12.404  PROXIES: TOTAL 763 MAXPE 33 MAXPATCH 5 None MEM: 1870.84 MB
LDB: TIME 8489.9 LOAD: AVG 12.1837 MAX 12.404  PROXIES: TOTAL 769 MAXPE 36 MAXPATCH 5 RefineTorusLB MEM: 1870.84 MB
LDB: TIME 8489.9 LOAD: AVG 12.1837 MAX 12.3496  PROXIES: TOTAL 769 MAXPE 36 MAXPATCH 5 RefineTorusLB MEM: 1870.84 MB
LDB: ============== END OF LOAD BALANCING =============== 8489.9
Info: useSync: 0 useProxySync: 0
LDB: =============== DONE WITH MIGRATION ================ 8489.9
WRITING COORDINATES TO DCD FILE output/txn_equil.dcd AT STEP 69000
TIMING: 69000  CPU: 8530.52, 0.12401/step  Wall: 8552.58, 0.124148/step, 7.96619 hours remaining, 1870.839844 MB of memory in use.
ENERGY:   69000      4277.7140     12207.7881     13547.2847       743.7478        -663384.8217     51833.6351         0.0000         0.0000    118082.5169        -462692.1351       310.6171   -580774.6519   -462589.1451       309.7539            -45.4903        45.7588   1838032.2351        -1.0067        -1.0211

WRITING COORDINATES TO DCD FILE output/txn_equil.dcd AT STEP 70000
WRITING COORDINATES TO RESTART FILE AT STEP 70000
FINISHED WRITING RESTART COORDINATES
WRITING VELOCITIES TO RESTART FILE AT STEP 70000
FINISHED WRITING RESTART VELOCITIES
TIMING: 70000  CPU: 8654.54, 0.12402/step  Wall: 8678.51, 0.125931/step, 8.04562 hours remaining, 1870.839844 MB of memory in use.
ETITLE:      TS           BOND          ANGLE          DIHED          IMPRP               ELECT            VDW       BOUNDARY           MISC        KINETIC               TOTAL           TEMP      POTENTIAL         TOTAL3        TEMPAVG            PRESSURE      GPRESSURE         VOLUME       PRESSAVG      GPRESSAVG

ENERGY:   70000      4298.4769     12163.1446     13566.7485       728.3461        -663684.4753     51849.7034         0.0000         0.0000    118358.5911        -462719.4648       311.3433   -581078.0559   -462619.9760       310.7110            -78.1028        13.9140   1835364.5745         0.9074         0.9238

WRITING EXTENDED SYSTEM TO RESTART FILE AT STEP 70000
WRITING COORDINATES TO DCD FILE output/txn_equil.dcd AT STEP 71000
TIMING: 71000  CPU: 8778.96, 0.12442/step  Wall: 8803.19, 0.124686/step, 7.93144 hours remaining, 1870.839844 MB of memory in use.
ENERGY:   71000      4371.5794     12334.6269     13589.6894       739.7548        -663058.9854     51426.0661         0.0000         0.0000    117740.0389        -462857.2298       309.7162   -580597.2688   -462775.3105       310.6955           -189.6560       -97.2185   1839651.4871         0.9076         0.9309

TIMING: 72000  CPU: 8903.09, 0.12413/step  Wall: 8927.47, 0.124278/step, 7.87094 hours remaining, 1870.839844 MB of memory in use.
ENERGY:   72000      4337.1933     12124.1549     13548.1313       757.1839        -664153.2901     51941.4589         0.0000         0.0000    117592.3694        -463852.7985       309.3278   -581445.1678   -463758.1499       309.9906           -122.1865       -29.2205   1838089.0243         5.1121         5.2254

WRITING COORDINATES TO DCD FILE output/txn_equil.dcd AT STEP 72000
LDB: ============= START OF LOAD BALANCING ============== 8976.42
LDB: ============== END OF LOAD BALANCING =============== 8976.42
Info: useSync: 0 useProxySync: 0
LDB: =============== DONE WITH MIGRATION ================ 8976.42
LDB: ============= START OF LOAD BALANCING ============== 8988.84
LDB: Largest compute 458 load 0.329231 is 2.7% of average load 12.161684
LDB: Average compute 0.040315 is 0.3% of average load 12.161684
LDB: TIME 8988.84 LOAD: AVG 12.1617 MAX 12.415  PROXIES: TOTAL 763 MAXPE 33 MAXPATCH 5 None MEM: 1870.84 MB
LDB: TIME 8988.84 LOAD: AVG 12.1617 MAX 12.415  PROXIES: TOTAL 769 MAXPE 36 MAXPATCH 5 RefineTorusLB MEM: 1870.84 MB
LDB: TIME 8988.84 LOAD: AVG 12.1617 MAX 12.3251  PROXIES: TOTAL 769 MAXPE 36 MAXPATCH 5 RefineTorusLB MEM: 1870.84 MB
LDB: ============== END OF LOAD BALANCING =============== 8988.84
Info: useSync: 0 useProxySync: 0
LDB: =============== DONE WITH MIGRATION ================ 8988.85
TIMING: 73000  CPU: 9026.95, 0.12386/step  Wall: 9051.47, 0.123996/step, 7.81863 hours remaining, 1870.839844 MB of memory in use.
ENERGY:   73000      4224.2948     12213.4156     13539.4484       740.3131        -664492.7612     52048.2308         0.0000         0.0000    117386.5554        -464340.5031       308.7864   -581727.0585   -464247.1637       309.5763            -43.6102        46.8250   1838130.5584         3.9501         3.8403

WRITING COORDINATES TO DCD FILE output/txn_equil.dcd AT STEP 73000
TIMING: 74000  CPU: 9151.19, 0.12424/step  Wall: 9175.86, 0.124388/step, 7.80883 hours remaining, 1870.839844 MB of memory in use.
ENERGY:   74000      4202.9771     12129.0214     13497.9591       774.7281        -664757.9647     51673.7396         0.0000         0.0000    117877.1487        -464602.3906       310.0769   -582479.5394   -464512.4609       309.0435           -129.6320       -36.4549   1838414.2727         4.5367         4.4092

WRITING COORDINATES TO DCD FILE output/txn_equil.dcd AT STEP 74000
TIMING: 75000  CPU: 9275.48, 0.12429/step  Wall: 9300.3, 0.124441/step, 7.77755 hours remaining, 1870.839844 MB of memory in use.
ENERGY:   75000      4273.7812     12140.0400     13487.6050       786.8156        -664428.3067     52299.8866         0.0000         0.0000    117731.8734        -463708.3049       309.6947   -581440.1783   -463602.0519       309.3678            -72.9759        18.6519   1838231.7921        -0.5301        -0.6196

WRITING COORDINATES TO DCD FILE output/txn_equil.dcd AT STEP 75000
TIMING: 76000  CPU: 9399.75, 0.12427/step  Wall: 9424.71, 0.124407/step, 7.74089 hours remaining, 1870.839844 MB of memory in use.
ENERGY:   76000      4245.0962     12094.5025     13491.7414       782.9722        -664487.9774     52038.9234         0.0000         0.0000    118150.5290        -463684.2127       310.7960   -581834.7417   -463593.2059       309.7469            -29.1211        60.3457   1838163.1745        -9.4673        -9.3041

WRITING COORDINATES TO DCD FILE output/txn_equil.dcd AT STEP 76000
LDB: ============= START OF LOAD BALANCING ============== 9473.83
LDB: ============== END OF LOAD BALANCING =============== 9473.83
Info: useSync: 0 useProxySync: 0
LDB: =============== DONE WITH MIGRATION ================ 9473.83
LDB: ============= START OF LOAD BALANCING ============== 9486.3
LDB: Largest compute 458 load 0.319423 is 2.6% of average load 12.153281
LDB: Average compute 0.040302 is 0.3% of average load 12.153281
LDB: TIME 9486.31 LOAD: AVG 12.1533 MAX 12.4656  PROXIES: TOTAL 763 MAXPE 33 MAXPATCH 5 None MEM: 1870.84 MB
LDB: TIME 9486.31 LOAD: AVG 12.1533 MAX 12.4656  PROXIES: TOTAL 769 MAXPE 36 MAXPATCH 5 RefineTorusLB MEM: 1870.84 MB
LDB: TIME 9486.31 LOAD: AVG 12.1533 MAX 12.3179  PROXIES: TOTAL 769 MAXPE 36 MAXPATCH 5 RefineTorusLB MEM: 1870.84 MB
LDB: ============== END OF LOAD BALANCING =============== 9486.31
Info: useSync: 0 useProxySync: 0
LDB: =============== DONE WITH MIGRATION ================ 9486.31
WRITING COORDINATES TO DCD FILE output/txn_equil.dcd AT STEP 77000
TIMING: 77000  CPU: 9523.85, 0.1241/step  Wall: 9548.93, 0.12423/step, 7.69533 hours remaining, 1870.839844 MB of memory in use.
ENERGY:   77000      4374.4778     12091.4203     13565.9721       763.3111        -663638.1398     51568.6826         0.0000         0.0000    117878.6436        -463395.6323       310.0808   -581274.2759   -463298.4579       309.8470           -176.5481       -82.1241   1839226.3705         6.8521         6.9786

WRITING COORDINATES TO DCD FILE output/txn_equil.dcd AT STEP 78000
TIMING: 78000  CPU: 9648.11, 0.12426/step  Wall: 9673.34, 0.124408/step, 7.67183 hours remaining, 1870.839844 MB of memory in use.
ENERGY:   78000      4354.6399     11962.9021     13546.6139       752.7352        -664449.8515     52245.4502         0.0000         0.0000    117735.9698        -463851.5405       309.7055   -581587.5103   -463770.1787       309.7882           -113.2871       -24.1778   1840119.7387         1.1392         1.0271

WRITING COORDINATES TO DCD FILE output/txn_equil.dcd AT STEP 79000
TIMING: 79000  CPU: 9772.23, 0.12412/step  Wall: 9797.6, 0.124261/step, 7.62822 hours remaining, 1870.839844 MB of memory in use.
ENERGY:   79000      4314.5832     12249.6735     13523.8236       761.8810        -663635.5138     51679.8048         0.0000         0.0000    117864.3982        -463241.3495       310.0433   -581105.7477   -463159.8535       309.6796           -151.0555       -56.5677   1839496.6396         0.5156         0.3350

WRITING COORDINATES TO DCD FILE output/txn_equil.dcd AT STEP 80000
WRITING COORDINATES TO RESTART FILE AT STEP 80000
FINISHED WRITING RESTART COORDINATES
WRITING VELOCITIES TO RESTART FILE AT STEP 80000
FINISHED WRITING RESTART VELOCITIES
TIMING: 80000  CPU: 9896.46, 0.12423/step  Wall: 9923.17, 0.125564/step, 7.67336 hours remaining, 1870.839844 MB of memory in use.
ETITLE:      TS           BOND          ANGLE          DIHED          IMPRP               ELECT            VDW       BOUNDARY           MISC        KINETIC               TOTAL           TEMP      POTENTIAL         TOTAL3        TEMPAVG            PRESSURE      GPRESSURE         VOLUME       PRESSAVG      GPRESSAVG

ENERGY:   80000      4287.5413     12100.1853     13569.3661       757.8820        -663534.2966     51679.8925         0.0000         0.0000    117744.3689        -463395.0606       309.7276   -581139.4294   -463296.1027       309.9656           -132.6120       -36.3199   1839137.7179        -3.0681        -2.8878

WRITING EXTENDED SYSTEM TO RESTART FILE AT STEP 80000
LDB: ============= START OF LOAD BALANCING ============== 9972.41
LDB: ============== END OF LOAD BALANCING =============== 9972.41
Info: useSync: 0 useProxySync: 0
LDB: =============== DONE WITH MIGRATION ================ 9972.41
LDB: ============= START OF LOAD BALANCING ============== 9984.9
LDB: Largest compute 430 load 0.322674 is 2.7% of average load 12.158869
LDB: Average compute 0.040311 is 0.3% of average load 12.158869
LDB: TIME 9984.9 LOAD: AVG 12.1589 MAX 12.4675  PROXIES: TOTAL 763 MAXPE 33 MAXPATCH 5 None MEM: 1870.84 MB
LDB: TIME 9984.91 LOAD: AVG 12.1589 MAX 12.4675  PROXIES: TOTAL 769 MAXPE 36 MAXPATCH 5 RefineTorusLB MEM: 1870.84 MB
LDB: TIME 9984.91 LOAD: AVG 12.1589 MAX 12.3197  PROXIES: TOTAL 769 MAXPE 36 MAXPATCH 5 RefineTorusLB MEM: 1870.84 MB
LDB: ============== END OF LOAD BALANCING =============== 9984.91
Info: useSync: 0 useProxySync: 0
LDB: =============== DONE WITH MIGRATION ================ 9984.91
WRITING COORDINATES TO DCD FILE output/txn_equil.dcd AT STEP 81000
TIMING: 81000  CPU: 10020.4, 0.12398/step  Wall: 10047.4, 0.124247/step, 7.55838 hours remaining, 1870.839844 MB of memory in use.
ENERGY:   81000      4297.7970     11962.5314     13650.0636       786.0992        -664127.9659     51778.0973         0.0000         0.0000    117843.6611        -463809.7162       309.9888   -581653.3774   -463713.2578       309.7951           -121.0350       -32.9263   1838396.4642         0.1267         0.0842

WRITING COORDINATES TO DCD FILE output/txn_equil.dcd AT STEP 82000
TIMING: 82000  CPU: 10145, 0.12457/step  Wall: 10172.1, 0.124711/step, 7.55197 hours remaining, 1870.839844 MB of memory in use.
ENERGY:   82000      4379.3441     12163.6255     13535.9250       740.6759        -664381.3529     51741.6177         0.0000         0.0000    117396.5878        -464423.5769       308.8127   -581820.1648   -464330.9931       309.5103           -264.3555      -176.1870   1839083.8569         3.5364         3.6175

WRITING COORDINATES TO DCD FILE output/txn_equil.dcd AT STEP 83000
TIMING: 83000  CPU: 10270.1, 0.12507/step  Wall: 10297.3, 0.125213/step, 7.54754 hours remaining, 1870.839844 MB of memory in use.
ENERGY:   83000      4306.1158     12125.4837     13564.7915       759.1622        -665203.2669     52517.1891         0.0000         0.0000    117802.1425        -464128.3821       309.8796   -581930.5246   -464038.0618       309.6656             17.6163       108.4406   1835426.7755         2.3660         2.2777

WRITING COORDINATES TO DCD FILE output/txn_equil.dcd AT STEP 84000
TIMING: 84000  CPU: 10395, 0.1249/step  Wall: 10422.4, 0.125046/step, 7.50276 hours remaining, 1870.839844 MB of memory in use.
ENERGY:   84000      4305.2515     12137.3062     13554.6018       765.6644        -663689.4151     51693.3428         0.0000         0.0000    117900.7403        -463332.5081       310.1389   -581233.2484   -463224.3328       309.7515           -169.1896       -81.8730   1841686.2714         2.3807         2.4325

LDB: ============= START OF LOAD BALANCING ============== 10471.6
LDB: ============== END OF LOAD BALANCING =============== 10471.6
Info: useSync: 0 useProxySync: 0
LDB: =============== DONE WITH MIGRATION ================ 10471.6
LDB: ============= START OF LOAD BALANCING ============== 10484.1
LDB: Largest compute 423 load 0.324633 is 2.7% of average load 12.153990
LDB: Average compute 0.040279 is 0.3% of average load 12.153990
LDB: TIME 10484.1 LOAD: AVG 12.154 MAX 12.4947  PROXIES: TOTAL 763 MAXPE 33 MAXPATCH 5 None MEM: 1870.84 MB
LDB: TIME 10484.1 LOAD: AVG 12.154 MAX 12.4947  PROXIES: TOTAL 769 MAXPE 36 MAXPATCH 5 RefineTorusLB MEM: 1870.84 MB
LDB: TIME 10484.1 LOAD: AVG 12.154 MAX 12.3178  PROXIES: TOTAL 769 MAXPE 36 MAXPATCH 5 RefineTorusLB MEM: 1870.84 MB
LDB: ============== END OF LOAD BALANCING =============== 10484.1
Info: useSync: 0 useProxySync: 0
LDB: =============== DONE WITH MIGRATION ================ 10484.1
WRITING COORDINATES TO DCD FILE output/txn_equil.dcd AT STEP 85000
TIMING: 85000  CPU: 10519.1, 0.12407/step  Wall: 10546.6, 0.124208/step, 7.41799 hours remaining, 1870.839844 MB of memory in use.
ENERGY:   85000      4410.7786     12255.6215     13514.4275       748.1530        -664895.4877     52668.9446         0.0000         0.0000    117766.2808        -463531.2816       309.7852   -581297.5624   -463451.4783       309.6659            -39.5726        60.0175   1837334.5449        -4.3102        -4.1574

WRITING COORDINATES TO DCD FILE output/txn_equil.dcd AT STEP 86000
TIMING: 86000  CPU: 10643, 0.12391/step  Wall: 10670.6, 0.124055/step, 7.37437 hours remaining, 1870.839844 MB of memory in use.
ENERGY:   86000      4389.4576     12213.8018     13546.2120       766.9422        -663548.5299     51264.2012         0.0000         0.0000    117628.5881        -463739.3271       309.4230   -581367.9152   -463636.3558       309.9426           -178.2839       -92.5329   1838458.6684         6.7264         6.7182

WRITING COORDINATES TO DCD FILE output/txn_equil.dcd AT STEP 87000
TIMING: 87000  CPU: 10767.1, 0.12414/step  Wall: 10794.9, 0.124287/step, 7.35362 hours remaining, 1870.839844 MB of memory in use.
ENERGY:   87000      4312.6333     12217.7781     13498.4055       758.0030        -664355.7656     52234.9423         0.0000         0.0000    117391.6310        -463942.3724       308.7997   -581334.0034   -463842.9345       309.4617            -15.8126        71.2024   1837392.9862         0.5429         0.3156

WRITING COORDINATES TO DCD FILE output/txn_equil.dcd AT STEP 88000
TIMING: 88000  CPU: 10891.2, 0.12415/step  Wall: 10919.2, 0.124288/step, 7.31917 hours remaining, 1870.839844 MB of memory in use.
ENERGY:   88000      4338.2975     12048.5068     13515.2127       754.7414        -663341.9938     51424.9533         0.0000         0.0000    118215.9588        -463044.3233       310.9681   -581260.2821   -462943.8068       309.4398           -117.8700       -29.4160   1836355.7206        -0.6333        -0.4854

LDB: ============= START OF LOAD BALANCING ============== 10968.5
LDB: ============== END OF LOAD BALANCING =============== 10968.5
Info: useSync: 0 useProxySync: 0
LDB: =============== DONE WITH MIGRATION ================ 10968.5
LDB: ============= START OF LOAD BALANCING ============== 10981
LDB: Largest compute 557 load 0.317772 is 2.6% of average load 12.167150
LDB: Average compute 0.040341 is 0.3% of average load 12.167150
LDB: TIME 10981 LOAD: AVG 12.1672 MAX 12.5213  PROXIES: TOTAL 763 MAXPE 33 MAXPATCH 5 None MEM: 1870.84 MB
LDB: TIME 10981 LOAD: AVG 12.1672 MAX 12.5213  PROXIES: TOTAL 769 MAXPE 36 MAXPATCH 5 RefineTorusLB MEM: 1870.84 MB
LDB: TIME 10981 LOAD: AVG 12.1672 MAX 12.3277  PROXIES: TOTAL 769 MAXPE 36 MAXPATCH 5 RefineTorusLB MEM: 1870.84 MB
LDB: ============== END OF LOAD BALANCING =============== 10981
Info: useSync: 0 useProxySync: 0
LDB: =============== DONE WITH MIGRATION ================ 10981
WRITING COORDINATES TO DCD FILE output/txn_equil.dcd AT STEP 89000
TIMING: 89000  CPU: 11016, 0.12476/step  Wall: 11044.1, 0.124906/step, 7.32087 hours remaining, 1870.839844 MB of memory in use.
ENERGY:   89000      4269.6755     12239.3434     13515.6077       746.4540        -663589.6789     51485.2623         0.0000         0.0000    118114.3066        -463219.0295       310.7007   -581333.3361   -463123.8467       309.6922            -74.7046        13.1496   1833844.0503        -2.3730        -2.2640

TIMING: 90000  CPU: 11140.1, 0.1241/step  Wall: 11168.4, 0.124248/step, 7.24782 hours remaining, 1870.839844 MB of memory in use.
ETITLE:      TS           BOND          ANGLE          DIHED          IMPRP               ELECT            VDW       BOUNDARY           MISC        KINETIC               TOTAL           TEMP      POTENTIAL         TOTAL3        TEMPAVG            PRESSURE      GPRESSURE         VOLUME       PRESSAVG      GPRESSAVG

ENERGY:   90000      4298.4659     12176.2859     13497.0444       753.5729        -664545.6048     52048.5094         0.0000         0.0000    117757.9125        -464013.8138       309.7632   -581771.7263   -463918.4606       309.7503            -24.8291        70.0796   1835327.7541         0.5207         0.6269

WRITING EXTENDED SYSTEM TO RESTART FILE AT STEP 90000
WRITING COORDINATES TO DCD FILE output/txn_equil.dcd AT STEP 90000
WRITING COORDINATES TO RESTART FILE AT STEP 90000
FINISHED WRITING RESTART COORDINATES
WRITING VELOCITIES TO RESTART FILE AT STEP 90000
FINISHED WRITING RESTART VELOCITIES
WRITING COORDINATES TO DCD FILE output/txn_equil.dcd AT STEP 91000
TIMING: 91000  CPU: 11264.5, 0.1244/step  Wall: 11294.6, 0.126232/step, 7.3285 hours remaining, 1870.839844 MB of memory in use.
ENERGY:   91000      4320.0575     12221.2821     13568.6838       784.7181        -663656.1865     51475.1112         0.0000         0.0000    117415.6778        -463870.6561       308.8630   -581286.3339   -463768.0864       310.0849           -138.4421       -46.9182   1838871.9399         6.8035         6.6964

TIMING: 92000  CPU: 11389, 0.12449/step  Wall: 11419.3, 0.124653/step, 7.2022 hours remaining, 1870.839844 MB of memory in use.
ENERGY:   92000      4245.5891     12182.2109     13480.1704       784.2181        -664390.7323     51917.3924         0.0000         0.0000    117710.0783        -464071.0733       309.6374   -581781.1515   -463956.8931       309.3986            -55.7011        36.1826   1837812.5063        -1.1179        -1.1013

WRITING COORDINATES TO DCD FILE output/txn_equil.dcd AT STEP 92000
LDB: ============= START OF LOAD BALANCING ============== 11468.3
LDB: ============== END OF LOAD BALANCING =============== 11468.3
Info: useSync: 0 useProxySync: 0
LDB: =============== DONE WITH MIGRATION ================ 11468.3
LDB: ============= START OF LOAD BALANCING ============== 11480.8
LDB: Largest compute 571 load 0.326569 is 2.7% of average load 12.159389
LDB: Average compute 0.040287 is 0.3% of average load 12.159389
LDB: TIME 11480.8 LOAD: AVG 12.1594 MAX 12.4942  PROXIES: TOTAL 763 MAXPE 33 MAXPATCH 5 None MEM: 1870.84 MB
LDB: TIME 11480.8 LOAD: AVG 12.1594 MAX 12.4942  PROXIES: TOTAL 769 MAXPE 36 MAXPATCH 5 RefineTorusLB MEM: 1870.84 MB
LDB: TIME 11480.8 LOAD: AVG 12.1594 MAX 12.3243  PROXIES: TOTAL 769 MAXPE 36 MAXPATCH 5 RefineTorusLB MEM: 1870.84 MB
LDB: ============== END OF LOAD BALANCING =============== 11480.8
Info: useSync: 0 useProxySync: 0
LDB: =============== DONE WITH MIGRATION ================ 11480.8
WRITING COORDINATES TO DCD FILE output/txn_equil.dcd AT STEP 93000
TIMING: 93000  CPU: 11513.2, 0.12421/step  Wall: 11543.6, 0.12435/step, 7.15014 hours remaining, 1870.839844 MB of memory in use.
ENERGY:   93000      4340.0346     12211.7025     13555.8908       731.9965        -664711.7544     51937.0014         0.0000         0.0000    117825.9390        -464109.1896       309.9422   -581935.1286   -463997.7924       309.6488            -72.8008        23.0426   1838304.7608         2.4856         2.5739

WRITING COORDINATES TO DCD FILE output/txn_equil.dcd AT STEP 94000
TIMING: 94000  CPU: 11637.4, 0.12421/step  Wall: 11668, 0.124351/step, 7.11566 hours remaining, 1870.839844 MB of memory in use.
ENERGY:   94000      4318.4010     12260.6223     13539.7311       724.8753        -664636.0676     52231.4653         0.0000         0.0000    117384.5452        -464176.4274       308.7811   -581560.9726   -464077.6495       309.1933              0.0416        84.2975   1836573.8382        -3.2714        -3.2499

WRITING COORDINATES TO DCD FILE output/txn_equil.dcd AT STEP 95000
TIMING: 95000  CPU: 11761.5, 0.12407/step  Wall: 11792.2, 0.124218/step, 7.07355 hours remaining, 1870.839844 MB of memory in use.
ENERGY:   95000      4365.9421     12095.8121     13546.0643       746.6293        -664736.2489     52239.5539         0.0000         0.0000    117824.2984        -463917.9489       309.9378   -581742.2472   -463820.3939       309.6745           -121.5031       -31.5662   1838186.6411         1.8427         1.8626

TIMING: 96000  CPU: 11885.9, 0.12443/step  Wall: 11916.8, 0.124581/step, 7.0596 hours remaining, 1870.839844 MB of memory in use.
ENERGY:   96000      4187.4718     12021.2193     13578.8404       746.6907        -663451.5867     51429.9592         0.0000         0.0000    117959.7276        -463527.6777       310.2941   -581487.4052   -463440.8725       309.9085            -60.6539        30.8129   1834456.1832         2.7095         2.6047

WRITING COORDINATES TO DCD FILE output/txn_equil.dcd AT STEP 96000
LDB: ============= START OF LOAD BALANCING ============== 11965.9
LDB: ============== END OF LOAD BALANCING =============== 11965.9
Info: useSync: 0 useProxySync: 0
LDB: =============== DONE WITH MIGRATION ================ 11965.9
LDB: ============= START OF LOAD BALANCING ============== 11978.4
LDB: Largest compute 571 load 0.323341 is 2.7% of average load 12.173239
LDB: Average compute 0.040327 is 0.3% of average load 12.173239
LDB: TIME 11978.4 LOAD: AVG 12.1732 MAX 12.4984  PROXIES: TOTAL 763 MAXPE 33 MAXPATCH 5 None MEM: 1870.84 MB
LDB: TIME 11978.4 LOAD: AVG 12.1732 MAX 12.4984  PROXIES: TOTAL 769 MAXPE 36 MAXPATCH 5 RefineTorusLB MEM: 1870.84 MB
LDB: TIME 11978.4 LOAD: AVG 12.1732 MAX 12.3375  PROXIES: TOTAL 767 MAXPE 34 MAXPATCH 5 RefineTorusLB MEM: 1870.84 MB
LDB: ============== END OF LOAD BALANCING =============== 11978.4
Info: useSync: 0 useProxySync: 0
LDB: =============== DONE WITH MIGRATION ================ 11978.4
WRITING COORDINATES TO DCD FILE output/txn_equil.dcd AT STEP 97000
TIMING: 97000  CPU: 12010.1, 0.12414/step  Wall: 12041, 0.124275/step, 7.00774 hours remaining, 1870.839844 MB of memory in use.
ENERGY:   97000      4261.2889     12344.5253     13543.8923       758.8153        -664538.6442     52472.1095         0.0000         0.0000    117870.7754        -463287.2376       310.0601   -581158.0130   -463174.9576       309.8683             82.1474       171.4251   1836260.7700         4.2034         4.2581

WRITING COORDINATES TO DCD FILE output/txn_equil.dcd AT STEP 98000
TIMING: 98000  CPU: 12134, 0.12393/step  Wall: 12165.1, 0.124075/step, 6.96199 hours remaining, 1870.839844 MB of memory in use.
ENERGY:   98000      4300.3962     12007.7231     13517.5453       742.6333        -664544.9130     52133.4440         0.0000         0.0000    117948.7093        -463894.4619       310.2651   -581843.1711   -463792.8385       309.9734            -51.1379        35.6952   1839648.5876        -1.6901        -1.8243

WRITING COORDINATES TO DCD FILE output/txn_equil.dcd AT STEP 99000
TIMING: 99000  CPU: 12258, 0.12403/step  Wall: 12289.3, 0.124174/step, 6.93306 hours remaining, 1870.839844 MB of memory in use.
ENERGY:   99000      4304.6878     12226.4932     13524.2824       754.8269        -664244.9544     51673.2622         0.0000         0.0000    117722.5063        -464038.8956       309.6701   -581761.4019   -463969.4906       309.9035           -189.2130       -94.6224   1836075.0126         1.8376         1.9633

WRITING COORDINATES TO DCD FILE output/txn_equil.dcd AT STEP 100000
WRITING COORDINATES TO RESTART FILE AT STEP 100000
FINISHED WRITING RESTART COORDINATES
WRITING VELOCITIES TO RESTART FILE AT STEP 100000
FINISHED WRITING RESTART VELOCITIES
TIMING: 100000  CPU: 12382.2, 0.12413/step  Wall: 12414.8, 0.125499/step, 6.97216 hours remaining, 1871.332031 MB of memory in use.
ETITLE:      TS           BOND          ANGLE          DIHED          IMPRP               ELECT            VDW       BOUNDARY           MISC        KINETIC               TOTAL           TEMP      POTENTIAL         TOTAL3        TEMPAVG            PRESSURE      GPRESSURE         VOLUME       PRESSAVG      GPRESSAVG

ENERGY:  100000      4428.2866     12317.2135     13522.0244       776.1625        -664901.4439     52047.7935         0.0000         0.0000    117807.3697        -464002.5939       309.8933   -581809.9635   -463896.4152       309.5825            -55.7555        32.7941   1833277.4745         6.2262         6.3350

WRITING EXTENDED SYSTEM TO RESTART FILE AT STEP 100000
LDB: ============= START OF LOAD BALANCING ============== 12463.9
LDB: ============== END OF LOAD BALANCING =============== 12463.9
Info: useSync: 0 useProxySync: 0
LDB: =============== DONE WITH MIGRATION ================ 12463.9
LDB: ============= START OF LOAD BALANCING ============== 12476.4
LDB: Largest compute 458 load 0.325471 is 2.7% of average load 12.164586
LDB: Average compute 0.040320 is 0.3% of average load 12.164586
LDB: TIME 12476.4 LOAD: AVG 12.1646 MAX 12.4597  PROXIES: TOTAL 763 MAXPE 33 MAXPATCH 5 None MEM: 1871.33 MB
LDB: TIME 12476.4 LOAD: AVG 12.1646 MAX 12.4597  PROXIES: TOTAL 767 MAXPE 34 MAXPATCH 5 RefineTorusLB MEM: 1871.33 MB
LDB: TIME 12476.4 LOAD: AVG 12.1646 MAX 12.3291  PROXIES: TOTAL 767 MAXPE 34 MAXPATCH 5 RefineTorusLB MEM: 1871.33 MB
LDB: ============== END OF LOAD BALANCING =============== 12476.4
Info: useSync: 0 useProxySync: 0
LDB: =============== DONE WITH MIGRATION ================ 12476.4
WRITING COORDINATES TO DCD FILE output/txn_equil.dcd AT STEP 101000
TIMING: 101000  CPU: 12506.4, 0.1242/step  Wall: 12539.3, 0.124465/step, 6.88013 hours remaining, 1871.332031 MB of memory in use.
ENERGY:  101000      4378.4432     12177.9315     13559.5540       769.3663        -664489.2349     51649.3166         0.0000         0.0000    117795.6604        -464158.9629       309.8625   -581954.6233   -464070.2383       309.6278           -133.7686       -41.0234   1836284.8715        -1.1605        -1.2033

WRITING COORDINATES TO DCD FILE output/txn_equil.dcd AT STEP 102000
TIMING: 102000  CPU: 12630.3, 0.12392/step  Wall: 12663.3, 0.124069/step, 6.82379 hours remaining, 1871.332031 MB of memory in use.
ENERGY:  102000      4295.4315     12083.5827     13540.5948       769.9525        -664248.9572     51666.7495         0.0000         0.0000    117458.8170        -464433.8293       308.9764   -581892.6462   -464350.4079       308.8439           -162.0960       -68.4525   1837869.7370        -4.4037        -4.3635

WRITING COORDINATES TO DCD FILE output/txn_equil.dcd AT STEP 103000
TIMING: 103000  CPU: 12754.4, 0.12416/step  Wall: 12787.6, 0.124297/step, 6.80183 hours remaining, 1871.332031 MB of memory in use.
ENERGY:  103000      4332.0486     12170.1630     13579.4944       714.7703        -663044.9921     51209.7647         0.0000         0.0000    118049.4269        -462989.3242       310.5300   -581038.7511   -462909.6636       309.7297           -105.3413       -17.9043   1838504.8601         1.0148         0.9511

WRITING COORDINATES TO DCD FILE output/txn_equil.dcd AT STEP 104000
TIMING: 104000  CPU: 12878.6, 0.12421/step  Wall: 12912, 0.124361/step, 6.77077 hours remaining, 1871.332031 MB of memory in use.
ENERGY:  104000      4309.3084     12203.1762     13512.2287       747.9203        -663711.0054     51520.5468         0.0000         0.0000    117845.5080        -463572.3171       309.9936   -581417.8251   -463464.4835       310.1155           -134.4557       -41.5341   1839522.0438        -2.1127        -2.0259

LDB: ============= START OF LOAD BALANCING ============== 12961
LDB: ============== END OF LOAD BALANCING =============== 12961
Info: useSync: 0 useProxySync: 0
LDB: =============== DONE WITH MIGRATION ================ 12961
LDB: ============= START OF LOAD BALANCING ============== 12973.5
LDB: Largest compute 458 load 0.321652 is 2.6% of average load 12.152614
LDB: Average compute 0.040273 is 0.3% of average load 12.152614
LDB: TIME 12973.5 LOAD: AVG 12.1526 MAX 12.4621  PROXIES: TOTAL 763 MAXPE 33 MAXPATCH 5 None MEM: 1871.33 MB
LDB: TIME 12973.5 LOAD: AVG 12.1526 MAX 12.4621  PROXIES: TOTAL 767 MAXPE 34 MAXPATCH 5 RefineTorusLB MEM: 1871.33 MB
LDB: TIME 12973.5 LOAD: AVG 12.1526 MAX 12.3168  PROXIES: TOTAL 767 MAXPE 34 MAXPATCH 5 RefineTorusLB MEM: 1871.33 MB
LDB: ============== END OF LOAD BALANCING =============== 12973.5
Info: useSync: 0 useProxySync: 0
LDB: =============== DONE WITH MIGRATION ================ 12973.5
WRITING COORDINATES TO DCD FILE output/txn_equil.dcd AT STEP 105000
TIMING: 105000  CPU: 13002.6, 0.12398/step  Wall: 13036.1, 0.124123/step, 6.72335 hours remaining, 1871.332031 MB of memory in use.
ENERGY:  105000      4409.0720     12087.4389     13534.4191       793.7837        -664746.6889     52295.1821         0.0000         0.0000    118189.2651        -463437.5280       310.8979   -581626.7931   -463341.7934       309.7426             18.1021       115.8630   1835072.8015        -1.1140        -1.1170

TIMING: 106000  CPU: 13126.9, 0.12424/step  Wall: 13160.5, 0.124388/step, 6.70314 hours remaining, 1871.332031 MB of memory in use.
ENERGY:  106000      4332.4369     12091.4817     13589.7753       724.7270        -664000.7195     51492.9341         0.0000         0.0000    117893.6749        -463875.6896       310.1203   -581769.3644   -463771.4689       310.0696           -153.4830       -66.9010   1834786.1840         0.4316         0.5435

WRITING COORDINATES TO DCD FILE output/txn_equil.dcd AT STEP 106000
WRITING COORDINATES TO DCD FILE output/txn_equil.dcd AT STEP 107000
TIMING: 107000  CPU: 13251.2, 0.12437/step  Wall: 13285, 0.124503/step, 6.67477 hours remaining, 1871.332031 MB of memory in use.
ENERGY:  107000      4355.9558     12031.2650     13587.4417       741.4936        -664980.5550     52493.7132         0.0000         0.0000    117743.5919        -464027.0939       309.7255   -581770.6858   -463925.3820       309.8975             22.2665       112.3321   1834492.6573        -4.2165        -4.3312

WRITING COORDINATES TO DCD FILE output/txn_equil.dcd AT STEP 108000
TIMING: 108000  CPU: 13375.1, 0.12386/step  Wall: 13409, 0.124007/step, 6.61371 hours remaining, 1871.332031 MB of memory in use.
ENERGY:  108000      4407.1257     12186.0007     13495.0503       746.6585        -663561.5710     51600.8279         0.0000         0.0000    117490.4864        -463635.4216       309.0597   -581125.9080   -463531.2547       309.9805           -152.7060       -62.1134   1839208.7677         0.4581         0.6388

LDB: ============= START OF LOAD BALANCING ============== 13458
LDB: ============== END OF LOAD BALANCING =============== 13458
Info: useSync: 0 useProxySync: 0
LDB: =============== DONE WITH MIGRATION ================ 13458
LDB: ============= START OF LOAD BALANCING ============== 13470.4
LDB: Largest compute 501 load 0.323917 is 2.7% of average load 12.178179
LDB: Average compute 0.040349 is 0.3% of average load 12.178179
LDB: TIME 13470.4 LOAD: AVG 12.1782 MAX 12.4262  PROXIES: TOTAL 763 MAXPE 33 MAXPATCH 5 None MEM: 1871.33 MB
LDB: TIME 13470.4 LOAD: AVG 12.1782 MAX 12.4262  PROXIES: TOTAL 767 MAXPE 34 MAXPATCH 5 RefineTorusLB MEM: 1871.33 MB
LDB: TIME 13470.4 LOAD: AVG 12.1782 MAX 12.3439  PROXIES: TOTAL 767 MAXPE 34 MAXPATCH 5 RefineTorusLB MEM: 1871.33 MB
LDB: ============== END OF LOAD BALANCING =============== 13470.4
Info: useSync: 0 useProxySync: 0
LDB: =============== DONE WITH MIGRATION ================ 13470.4
WRITING COORDINATES TO DCD FILE output/txn_equil.dcd AT STEP 109000
TIMING: 109000  CPU: 13499.1, 0.12403/step  Wall: 13533.2, 0.124175/step, 6.58817 hours remaining, 1871.332031 MB of memory in use.
ENERGY:  109000      4246.4048     12172.3039     13564.8119       740.0961        -664522.1856     51797.6101         0.0000         0.0000    118127.3902        -463873.5685       310.7351   -582000.9587   -463762.6948       309.6792            -79.0336        13.4716   1834145.1595        -0.4094        -0.3383

TIMING: 110000  CPU: 13623.2, 0.1241/step  Wall: 13657.4, 0.12424/step, 6.55713 hours remaining, 1871.332031 MB of memory in use.
ETITLE:      TS           BOND          ANGLE          DIHED          IMPRP               ELECT            VDW       BOUNDARY           MISC        KINETIC               TOTAL           TEMP      POTENTIAL         TOTAL3        TEMPAVG            PRESSURE      GPRESSURE         VOLUME       PRESSAVG      GPRESSAVG

ENERGY:  110000      4353.1832     12112.3846     13470.4540       783.3129        -664613.2036     51989.9069         0.0000         0.0000    118133.9239        -463770.0382       310.7523   -581903.9621   -463681.7175       309.6440           -109.5519       -14.3340   1836549.4132        -3.1511        -3.1645

WRITING EXTENDED SYSTEM TO RESTART FILE AT STEP 110000
WRITING COORDINATES TO DCD FILE output/txn_equil.dcd AT STEP 110000
WRITING COORDINATES TO RESTART FILE AT STEP 110000
FINISHED WRITING RESTART COORDINATES
WRITING VELOCITIES TO RESTART FILE AT STEP 110000
FINISHED WRITING RESTART VELOCITIES
TIMING: 111000  CPU: 13747.4, 0.12419/step  Wall: 13783.6, 0.126155/step, 6.62316 hours remaining, 1871.332031 MB of memory in use.
ENERGY:  111000      4270.0023     12088.0178     13586.6264       735.8582        -665116.1962     52465.2167         0.0000         0.0000    117984.6263        -463985.8486       310.3596   -581970.4749   -463900.7627       309.9027            -29.9758        60.3804   1837673.8589         0.4830         0.5584

WRITING COORDINATES TO DCD FILE output/txn_equil.dcd AT STEP 111000
WRITING COORDINATES TO DCD FILE output/txn_equil.dcd AT STEP 112000
TIMING: 112000  CPU: 13871.4, 0.12399/step  Wall: 13907.7, 0.124129/step, 6.48228 hours remaining, 1871.332031 MB of memory in use.
ENERGY:  112000      4366.0752     12160.8621     13501.7988       727.0544        -663685.1632     51758.8159         0.0000         0.0000    117635.6967        -463534.8600       309.4417   -581170.5567   -463428.6766       309.5723           -125.4827       -28.9982   1840544.2139         0.0127        -0.1022

LDB: ============= START OF LOAD BALANCING ============== 13956.7
LDB: ============== END OF LOAD BALANCING =============== 13956.7
Info: useSync: 0 useProxySync: 0
LDB: =============== DONE WITH MIGRATION ================ 13956.7
LDB: ============= START OF LOAD BALANCING ============== 13969.2
LDB: Largest compute 499 load 0.320550 is 2.6% of average load 12.185413
LDB: Average compute 0.040365 is 0.3% of average load 12.185413
LDB: TIME 13969.2 LOAD: AVG 12.1854 MAX 12.4312  PROXIES: TOTAL 763 MAXPE 33 MAXPATCH 5 None MEM: 1871.33 MB
LDB: TIME 13969.2 LOAD: AVG 12.1854 MAX 12.4312  PROXIES: TOTAL 767 MAXPE 34 MAXPATCH 5 RefineTorusLB MEM: 1871.33 MB
LDB: TIME 13969.2 LOAD: AVG 12.1854 MAX 12.3415  PROXIES: TOTAL 767 MAXPE 34 MAXPATCH 5 RefineTorusLB MEM: 1871.33 MB
LDB: ============== END OF LOAD BALANCING =============== 13969.2
Info: useSync: 0 useProxySync: 0
LDB: =============== DONE WITH MIGRATION ================ 13969.2
WRITING COORDINATES TO DCD FILE output/txn_equil.dcd AT STEP 113000
TIMING: 113000  CPU: 13995.2, 0.12378/step  Wall: 14031.6, 0.12392/step, 6.43697 hours remaining, 1871.332031 MB of memory in use.
ENERGY:  113000      4290.1366     12124.5942     13539.1619       760.7769        -664447.2060     52170.4943         0.0000         0.0000    117607.6846        -463954.3575       309.3680   -581562.0421   -463852.5003       309.9782             -9.6201        85.0201   1836442.9222         1.5451         1.5888

WRITING COORDINATES TO DCD FILE output/txn_equil.dcd AT STEP 114000
TIMING: 114000  CPU: 14119, 0.12381/step  Wall: 14155.6, 0.12395/step, 6.4041 hours remaining, 1871.332031 MB of memory in use.
ENERGY:  114000      4338.3947     12105.5415     13476.4193       750.3369        -664311.7498     51878.1582         0.0000         0.0000    117877.2262        -463885.6731       310.0771   -581762.8993   -463784.8390       309.6158            -63.7306        26.7394   1836503.8938         0.6608         0.6876

TIMING: 115000  CPU: 14243, 0.124/step  Wall: 14279.7, 0.124147/step, 6.37978 hours remaining, 1871.332031 MB of memory in use.
ENERGY:  115000      4352.2331     12085.9956     13475.8533       758.3372        -663662.2829     51076.8190         0.0000         0.0000    117861.8309        -464051.2137       310.0366   -581913.0446   -463937.8723       309.3911           -194.6668      -107.9983   1838577.0545         1.8326         1.9360

WRITING COORDINATES TO DCD FILE output/txn_equil.dcd AT STEP 115000
TIMING: 116000  CPU: 14367, 0.12405/step  Wall: 14403.9, 0.124206/step, 6.34833 hours remaining, 1871.332031 MB of memory in use.
ENERGY:  116000      4351.0622     12190.3917     13521.6909       750.2286        -663772.2521     51361.1041         0.0000         0.0000    117576.9457        -464020.8288       309.2872   -581597.7746   -463899.2134       309.4148           -178.1519       -89.8332   1839681.2803        -0.8141        -0.8763

WRITING COORDINATES TO DCD FILE output/txn_equil.dcd AT STEP 116000
LDB: ============= START OF LOAD BALANCING ============== 14452.9
LDB: ============== END OF LOAD BALANCING =============== 14452.9
Info: useSync: 0 useProxySync: 0
LDB: =============== DONE WITH MIGRATION ================ 14452.9
LDB: ============= START OF LOAD BALANCING ============== 14465.3
LDB: Largest compute 430 load 0.333052 is 2.7% of average load 12.164475
LDB: Average compute 0.040300 is 0.3% of average load 12.164475
LDB: TIME 14465.3 LOAD: AVG 12.1645 MAX 12.4128  PROXIES: TOTAL 763 MAXPE 33 MAXPATCH 5 None MEM: 1871.33 MB
LDB: TIME 14465.3 LOAD: AVG 12.1645 MAX 12.4128  PROXIES: TOTAL 767 MAXPE 34 MAXPATCH 5 RefineTorusLB MEM: 1871.33 MB
LDB: TIME 14465.3 LOAD: AVG 12.1645 MAX 12.3291  PROXIES: TOTAL 767 MAXPE 34 MAXPATCH 5 RefineTorusLB MEM: 1871.33 MB
LDB: ============== END OF LOAD BALANCING =============== 14465.3
Info: useSync: 0 useProxySync: 0
LDB: =============== DONE WITH MIGRATION ================ 14465.3
WRITING COORDINATES TO DCD FILE output/txn_equil.dcd AT STEP 117000
TIMING: 117000  CPU: 14490.9, 0.12384/step  Wall: 14527.9, 0.123968/step, 6.30168 hours remaining, 1871.332031 MB of memory in use.
ENERGY:  117000      4192.9754     12122.8629     13462.2356       738.4565        -664594.6583     52303.1093         0.0000         0.0000    117570.2368        -464204.7817       309.2695   -581775.0186   -464104.9249       309.2152             79.1465       164.6513   1839434.7211        -2.1150        -2.1789

WRITING COORDINATES TO DCD FILE output/txn_equil.dcd AT STEP 118000
TIMING: 118000  CPU: 14614.4, 0.12351/step  Wall: 14651.6, 0.123659/step, 6.25166 hours remaining, 1871.332031 MB of memory in use.
ENERGY:  118000      4319.3891     12200.3707     13503.2406       764.0474        -664803.1331     52415.5550         0.0000         0.0000    117775.2792        -463825.2511       309.8089   -581600.5303   -463718.3384       309.3937             14.9286       102.2827   1836968.0881         2.2682         2.2910

WRITING COORDINATES TO DCD FILE output/txn_equil.dcd AT STEP 119000
TIMING: 119000  CPU: 14738.3, 0.12393/step  Wall: 14775.6, 0.124072/step, 6.23804 hours remaining, 1871.332031 MB of memory in use.
ENERGY:  119000      4352.9567     12182.8121     13459.3804       788.0095        -664256.2935     51944.9543         0.0000         0.0000    117400.0154        -464128.1652       308.8218   -581528.1806   -464031.0581       309.4516            -25.6164        72.4848   1838860.1464        -2.1684        -2.1418

TIMING: 120000  CPU: 14862.1, 0.12378/step  Wall: 14899.6, 0.123932/step, 6.1966 hours remaining, 1871.332031 MB of memory in use.
ETITLE:      TS           BOND          ANGLE          DIHED          IMPRP               ELECT            VDW       BOUNDARY           MISC        KINETIC               TOTAL           TEMP      POTENTIAL         TOTAL3        TEMPAVG            PRESSURE      GPRESSURE         VOLUME       PRESSAVG      GPRESSAVG

ENERGY:  120000      4293.5742     12058.1798     13507.7071       742.1740        -663753.8312     51972.2663         0.0000         0.0000    117355.5384        -463824.3915       308.7048   -581179.9299   -463728.2988       309.2588            -78.3494        14.8416   1838133.2938        -0.8592        -0.9677

WRITING EXTENDED SYSTEM TO RESTART FILE AT STEP 120000
WRITING COORDINATES TO DCD FILE output/txn_equil.dcd AT STEP 120000
WRITING COORDINATES TO RESTART FILE AT STEP 120000
FINISHED WRITING RESTART COORDINATES
WRITING VELOCITIES TO RESTART FILE AT STEP 120000
FINISHED WRITING RESTART VELOCITIES
LDB: ============= START OF LOAD BALANCING ============== 14950
LDB: ============== END OF LOAD BALANCING =============== 14950
Info: useSync: 0 useProxySync: 0
LDB: =============== DONE WITH MIGRATION ================ 14950
LDB: ============= START OF LOAD BALANCING ============== 14962.4
LDB: Largest compute 458 load 0.323719 is 2.7% of average load 12.171191
LDB: Average compute 0.040327 is 0.3% of average load 12.171191
LDB: TIME 14962.4 LOAD: AVG 12.1712 MAX 12.3846  PROXIES: TOTAL 763 MAXPE 33 MAXPATCH 5 None MEM: 1871.33 MB
LDB: TIME 14962.4 LOAD: AVG 12.1712 MAX 12.3846  PROXIES: TOTAL 767 MAXPE 34 MAXPATCH 5 RefineTorusLB MEM: 1871.33 MB
LDB: TIME 14962.4 LOAD: AVG 12.1712 MAX 12.3359  PROXIES: TOTAL 767 MAXPE 34 MAXPATCH 5 RefineTorusLB MEM: 1871.33 MB
LDB: ============== END OF LOAD BALANCING =============== 14962.4
Info: useSync: 0 useProxySync: 0
LDB: =============== DONE WITH MIGRATION ================ 14962.4
WRITING COORDINATES TO DCD FILE output/txn_equil.dcd AT STEP 121000
TIMING: 121000  CPU: 14985.8, 0.12371/step  Wall: 15025, 0.125475/step, 6.2389 hours remaining, 1871.332031 MB of memory in use.
ENERGY:  121000      4337.3375     12276.7466     13581.6023       767.5584        -663533.7171     51801.9725         0.0000         0.0000    117788.4104        -462980.0893       309.8434   -580768.4997   -462880.4271       309.9211            -44.4516        45.5053   1838963.1834         2.1612         2.1700

WRITING COORDINATES TO DCD FILE output/txn_equil.dcd AT STEP 122000
TIMING: 122000  CPU: 15109.1, 0.12325/step  Wall: 15148.4, 0.123391/step, 6.10098 hours remaining, 1871.332031 MB of memory in use.
ENERGY:  122000      4354.9610     12311.1693     13463.0696       755.1573        -664488.6413     52251.4915         0.0000         0.0000    117922.8730        -463429.9195       310.1971   -581352.7925   -463344.5731       310.1366            -11.0048        81.1000   1838390.8373        -0.4569        -0.4348

TIMING: 123000  CPU: 15232.7, 0.12365/step  Wall: 15272.2, 0.123803/step, 6.08696 hours remaining, 1871.332031 MB of memory in use.
ENERGY:  123000      4293.2252     12102.7302     13522.1577       777.3056        -664621.1481     51996.8472         0.0000         0.0000    117432.2182        -464496.6640       308.9065   -581928.8822   -464409.9857       309.5825            -70.0438        13.6096   1839176.5737         6.9698         6.8032

WRITING COORDINATES TO DCD FILE output/txn_equil.dcd AT STEP 123000
WRITING COORDINATES TO DCD FILE output/txn_equil.dcd AT STEP 124000
TIMING: 124000  CPU: 15356.6, 0.12386/step  Wall: 15396.2, 0.123991/step, 6.06177 hours remaining, 1871.332031 MB of memory in use.
ENERGY:  124000      4247.3064     12315.4778     13463.0794       763.7750        -664364.9248     51903.0041         0.0000         0.0000    118103.1665        -463569.1156       310.6714   -581672.2821   -463482.5304       309.5440           -119.5356       -32.3843   1841111.6806         0.1093         0.2039

LDB: ============= START OF LOAD BALANCING ============== 15445.2
LDB: ============== END OF LOAD BALANCING =============== 15445.2
Info: useSync: 0 useProxySync: 0
LDB: =============== DONE WITH MIGRATION ================ 15445.2
LDB: ============= START OF LOAD BALANCING ============== 15457.6
LDB: Largest compute 557 load 0.317557 is 2.6% of average load 12.159681
LDB: Average compute 0.040284 is 0.3% of average load 12.159681
LDB: TIME 15457.6 LOAD: AVG 12.1597 MAX 12.3965  PROXIES: TOTAL 763 MAXPE 33 MAXPATCH 5 None MEM: 1871.33 MB
LDB: TIME 15457.6 LOAD: AVG 12.1597 MAX 12.3965  PROXIES: TOTAL 767 MAXPE 34 MAXPATCH 5 RefineTorusLB MEM: 1871.33 MB
LDB: TIME 15457.6 LOAD: AVG 12.1597 MAX 12.3258  PROXIES: TOTAL 767 MAXPE 34 MAXPATCH 5 RefineTorusLB MEM: 1871.33 MB
LDB: ============== END OF LOAD BALANCING =============== 15457.6
Info: useSync: 0 useProxySync: 0
LDB: =============== DONE WITH MIGRATION ================ 15457.6
WRITING COORDINATES TO DCD FILE output/txn_equil.dcd AT STEP 125000
TIMING: 125000  CPU: 15480.5, 0.1239/step  Wall: 15520.3, 0.124047/step, 6.03007 hours remaining, 1871.332031 MB of memory in use.
ENERGY:  125000      4409.9423     12405.5273     13457.1807       745.0364        -664212.8965     52009.6207         0.0000         0.0000    117874.1159        -463311.4732       310.0689   -581185.5891   -463221.2019       309.8092            -35.3422        56.5539   1835755.0858        -1.3546        -1.3900

WRITING COORDINATES TO DCD FILE output/txn_equil.dcd AT STEP 126000
TIMING: 126000  CPU: 15604.4, 0.12394/step  Wall: 15644.3, 0.124087/step, 5.99753 hours remaining, 1871.332031 MB of memory in use.
ENERGY:  126000      4277.0576     12341.8423     13494.8956       764.4710        -664631.6355     51884.9383         0.0000         0.0000    118096.9531        -463771.4777       310.6551   -581868.4308   -463673.4498       310.4117             46.1953       135.3687   1832719.5550         2.1285         2.0582

WRITING COORDINATES TO DCD FILE output/txn_equil.dcd AT STEP 127000
TIMING: 127000  CPU: 15728.6, 0.12414/step  Wall: 15768.6, 0.124278/step, 5.97224 hours remaining, 1871.332031 MB of memory in use.
ENERGY:  127000      4226.8195     11987.4279     13502.2606       758.9192        -664201.1071     51781.0459         0.0000         0.0000    118209.5086        -463735.1253       310.9511   -581944.6339   -463652.7631       310.2113            -96.7520        -6.2209   1836132.2519        -4.7220        -4.9712

WRITING COORDINATES TO DCD FILE output/txn_equil.dcd AT STEP 128000
TIMING: 128000  CPU: 15852.6, 0.12409/step  Wall: 15892.9, 0.12424/step, 5.93592 hours remaining, 1871.332031 MB of memory in use.
ENERGY:  128000      4258.9659     12106.6597     13441.0880       745.5075        -663564.5804     51379.2931         0.0000         0.0000    117495.3016        -464137.7646       309.0724   -581633.0662   -464017.1504       309.6943           -151.4428       -56.3817   1839689.6020        -0.7244        -0.6378

LDB: ============= START OF LOAD BALANCING ============== 15941.6
LDB: ============== END OF LOAD BALANCING =============== 15941.6
Info: useSync: 0 useProxySync: 0
LDB: =============== DONE WITH MIGRATION ================ 15941.6
LDB: ============= START OF LOAD BALANCING ============== 15954
LDB: Largest compute 557 load 0.321805 is 2.6% of average load 12.174561
LDB: Average compute 0.040324 is 0.3% of average load 12.174561
LDB: TIME 15954 LOAD: AVG 12.1746 MAX 12.3933  PROXIES: TOTAL 763 MAXPE 33 MAXPATCH 5 None MEM: 1871.33 MB
LDB: TIME 15954 LOAD: AVG 12.1746 MAX 12.3933  PROXIES: TOTAL 767 MAXPE 34 MAXPATCH 5 RefineTorusLB MEM: 1871.33 MB
LDB: TIME 15954 LOAD: AVG 12.1746 MAX 12.3308  PROXIES: TOTAL 767 MAXPE 34 MAXPATCH 5 RefineTorusLB MEM: 1871.33 MB
LDB: ============== END OF LOAD BALANCING =============== 15954
Info: useSync: 0 useProxySync: 0
LDB: =============== DONE WITH MIGRATION ================ 15954
WRITING COORDINATES TO DCD FILE output/txn_equil.dcd AT STEP 129000
TIMING: 129000  CPU: 15976.2, 0.12351/step  Wall: 16016.5, 0.123646/step, 5.87316 hours remaining, 1871.332031 MB of memory in use.
ENERGY:  129000      4347.3115     12085.9568     13539.0227       719.9756        -663047.8509     51478.9096         0.0000         0.0000    117776.5111        -463100.1637       309.8121   -580876.6748   -463018.2079       310.0252           -116.0622       -22.6882   1835303.2738        -4.9377        -4.8929

WRITING COORDINATES TO DCD FILE output/txn_equil.dcd AT STEP 130000
WRITING COORDINATES TO RESTART FILE AT STEP 130000
FINISHED WRITING RESTART COORDINATES
WRITING VELOCITIES TO RESTART FILE AT STEP 130000
FINISHED WRITING RESTART VELOCITIES
TIMING: 130000  CPU: 16100, 0.12387/step  Wall: 16141.7, 0.125208/step, 5.91262 hours remaining, 1871.332031 MB of memory in use.
ETITLE:      TS           BOND          ANGLE          DIHED          IMPRP               ELECT            VDW       BOUNDARY           MISC        KINETIC               TOTAL           TEMP      POTENTIAL         TOTAL3        TEMPAVG            PRESSURE      GPRESSURE         VOLUME       PRESSAVG      GPRESSAVG

ENERGY:  130000      4263.5534     12117.8520     13519.6788       766.9048        -663927.1566     52091.3553         0.0000         0.0000    117705.6414        -463462.1710       309.6257   -581167.8124   -463362.6890       310.3678            -16.5592        67.9124   1840103.3807         0.9506         1.0212

WRITING EXTENDED SYSTEM TO RESTART FILE AT STEP 130000
WRITING COORDINATES TO DCD FILE output/txn_equil.dcd AT STEP 131000
TIMING: 131000  CPU: 16223.7, 0.12365/step  Wall: 16265.6, 0.123916/step, 5.81718 hours remaining, 1871.332031 MB of memory in use.
ENERGY:  131000      4320.1990     12028.8386     13477.6044       759.2315        -664134.3588     51854.0277         0.0000         0.0000    118211.4406        -463483.0171       310.9562   -581694.4577   -463393.2244       310.0231           -115.6982       -25.2460   1839370.8528        -1.2667        -1.4508

WRITING COORDINATES TO DCD FILE output/txn_equil.dcd AT STEP 132000
TIMING: 132000  CPU: 16347.3, 0.12361/step  Wall: 16389.4, 0.123753/step, 5.77512 hours remaining, 1871.332031 MB of memory in use.
ENERGY:  132000      4281.7274     12107.2804     13574.7426       782.1884        -663893.0081     51599.1685         0.0000         0.0000    117927.1677        -463620.7331       310.2084   -581547.9007   -463544.3565       309.3419           -103.6223       -19.5733   1836885.1083        -0.7050        -0.6456

LDB: ============= START OF LOAD BALANCING ============== 16438.2
LDB: ============== END OF LOAD BALANCING =============== 16438.2
Info: useSync: 0 useProxySync: 0
LDB: =============== DONE WITH MIGRATION ================ 16438.2
LDB: ============= START OF LOAD BALANCING ============== 16450.6
LDB: Largest compute 515 load 0.323529 is 2.7% of average load 12.167405
LDB: Average compute 0.040293 is 0.3% of average load 12.167405
LDB: TIME 16450.6 LOAD: AVG 12.1674 MAX 12.3928  PROXIES: TOTAL 763 MAXPE 33 MAXPATCH 5 None MEM: 1871.33 MB
LDB: TIME 16450.6 LOAD: AVG 12.1674 MAX 12.3928  PROXIES: TOTAL 767 MAXPE 34 MAXPATCH 5 RefineTorusLB MEM: 1871.33 MB
LDB: TIME 16450.6 LOAD: AVG 12.1674 MAX 12.329  PROXIES: TOTAL 767 MAXPE 34 MAXPATCH 5 RefineTorusLB MEM: 1871.33 MB
LDB: ============== END OF LOAD BALANCING =============== 16450.6
Info: useSync: 0 useProxySync: 0
LDB: =============== DONE WITH MIGRATION ================ 16450.6
WRITING COORDINATES TO DCD FILE output/txn_equil.dcd AT STEP 133000
TIMING: 133000  CPU: 16471, 0.12367/step  Wall: 16513.2, 0.123819/step, 5.7438 hours remaining, 1871.332031 MB of memory in use.
ENERGY:  133000      4315.9414     12031.4619     13419.6889       767.4882        -663404.7359     51610.5014         0.0000         0.0000    117471.8964        -463787.7578       309.0108   -581259.6542   -463695.6158       309.8238            -93.5830        -0.0947   1835847.5684        -1.0673        -1.1542

TIMING: 134000  CPU: 16594.5, 0.1235/step  Wall: 16636.9, 0.123643/step, 5.70132 hours remaining, 1871.332031 MB of memory in use.
ENERGY:  134000      4288.6418     12134.1144     13474.3680       758.7702        -663772.9384     51533.6777         0.0000         0.0000    117138.7837        -464444.5826       308.1346   -581583.3663   -464331.8764       309.2817            -84.0817        -0.1233   1835929.8455         1.3724         1.2760

WRITING COORDINATES TO DCD FILE output/txn_equil.dcd AT STEP 134000
WRITING COORDINATES TO DCD FILE output/txn_equil.dcd AT STEP 135000
TIMING: 135000  CPU: 16717.9, 0.12346/step  Wall: 16760.5, 0.123607/step, 5.66532 hours remaining, 1871.332031 MB of memory in use.
ENERGY:  135000      4338.1108     11941.1853     13503.7709       735.7207        -663995.4885     51697.6194         0.0000         0.0000    117658.3622        -464120.7192       309.5013   -581779.0814   -464017.9101       309.1224            -84.6556         4.2543   1835814.9066        -2.1661        -2.0776

WRITING COORDINATES TO DCD FILE output/txn_equil.dcd AT STEP 136000
TIMING: 136000  CPU: 16841.6, 0.1237/step  Wall: 16884.3, 0.123847/step, 5.6419 hours remaining, 1871.332031 MB of memory in use.
ENERGY:  136000      4374.8629     12032.4699     13481.1073       743.0480        -663907.2259     51525.7300         0.0000         0.0000    117715.6887        -464034.3191       309.6521   -581750.0077   -463922.8650       309.9439           -139.5253       -54.3347   1838176.1327        -3.0056        -2.9880

LDB: ============= START OF LOAD BALANCING ============== 16933.2
LDB: ============== END OF LOAD BALANCING =============== 16933.2
Info: useSync: 0 useProxySync: 0
LDB: =============== DONE WITH MIGRATION ================ 16933.2
LDB: ============= START OF LOAD BALANCING ============== 16945.5
LDB: Largest compute 458 load 0.338824 is 2.8% of average load 12.167827
LDB: Average compute 0.040284 is 0.3% of average load 12.167827
LDB: TIME 16945.5 LOAD: AVG 12.1678 MAX 12.3329  PROXIES: TOTAL 763 MAXPE 33 MAXPATCH 5 None MEM: 1871.33 MB
LDB: TIME 16945.5 LOAD: AVG 12.1678 MAX 12.3329  PROXIES: TOTAL 767 MAXPE 34 MAXPATCH 5 RefineTorusLB MEM: 1871.33 MB
LDB: TIME 16945.5 LOAD: AVG 12.1678 MAX 12.3329  PROXIES: TOTAL 767 MAXPE 34 MAXPATCH 5 RefineTorusLB MEM: 1871.33 MB
LDB: ============== END OF LOAD BALANCING =============== 16945.5
Info: useSync: 0 useProxySync: 0
LDB: =============== DONE WITH MIGRATION ================ 16945.5
WRITING COORDINATES TO DCD FILE output/txn_equil.dcd AT STEP 137000
TIMING: 137000  CPU: 16965.2, 0.12363/step  Wall: 17008.1, 0.123772/step, 5.60412 hours remaining, 1871.332031 MB of memory in use.
ENERGY:  137000      4307.5196     11999.8452     13453.4170       762.5641        -663392.8895     51363.1925         0.0000         0.0000    117661.2455        -463845.1055       309.5089   -581506.3511   -463751.0992       309.4593           -155.3544       -66.6524   1836800.3738         0.8574         0.8356

WRITING COORDINATES TO DCD FILE output/txn_equil.dcd AT STEP 138000
TIMING: 138000  CPU: 17089.1, 0.12381/step  Wall: 17132, 0.123956/step, 5.57802 hours remaining, 1871.332031 MB of memory in use.
ENERGY:  138000      4245.3785     12095.2629     13490.2358       784.1016        -663954.3409     51630.1894         0.0000         0.0000    118410.3172        -463298.8555       311.4794   -581709.1727   -463174.5791       309.4435            -86.5471        -1.0569   1838652.7612        -3.6551        -3.7156

WRITING COORDINATES TO DCD FILE output/txn_equil.dcd AT STEP 139000
TIMING: 139000  CPU: 17212.9, 0.12386/step  Wall: 17256, 0.124001/step, 5.54561 hours remaining, 1871.332031 MB of memory in use.
ENERGY:  139000      4396.5651     12297.7876     13522.5515       731.1967        -663887.6876     51511.0572         0.0000         0.0000    117647.3565        -463781.1729       309.4724   -581428.5294   -463676.4588       309.9486           -118.4392       -24.5578   1836997.8161         0.5618         0.6111

WRITING COORDINATES TO DCD FILE output/txn_equil.dcd AT STEP 140000
WRITING COORDINATES TO RESTART FILE AT STEP 140000
FINISHED WRITING RESTART COORDINATES
TIMING: 140000  CPU: 17337, 0.12404/step  Wall: 17381.5, 0.1255/step, 5.57778 hours remaining, 1871.332031 MB of memory in use.
ETITLE:      TS           BOND          ANGLE          DIHED          IMPRP               ELECT            VDW       BOUNDARY           MISC        KINETIC               TOTAL           TEMP      POTENTIAL         TOTAL3        TEMPAVG            PRESSURE      GPRESSURE         VOLUME       PRESSAVG      GPRESSAVG

ENERGY:  140000      4304.2920     12117.1440     13564.6914       799.1986        -664333.9988     52042.0683         0.0000         0.0000    117499.6057        -464006.9987       309.0837   -581506.6045   -463912.8824       309.2200              8.0592       103.0485   1833161.7374        -2.5063        -2.4375

WRITING EXTENDED SYSTEM TO RESTART FILE AT STEP 140000
WRITING VELOCITIES TO RESTART FILE AT STEP 140000
FINISHED WRITING RESTART VELOCITIES
LDB: ============= START OF LOAD BALANCING ============== 17431.3
LDB: ============== END OF LOAD BALANCING =============== 17431.3
Info: useSync: 0 useProxySync: 0
LDB: =============== DONE WITH MIGRATION ================ 17431.3
LDB: ============= START OF LOAD BALANCING ============== 17443.8
LDB: Largest compute 430 load 0.327337 is 2.7% of average load 12.199094
LDB: Average compute 0.040405 is 0.3% of average load 12.199094
LDB: TIME 17443.8 LOAD: AVG 12.1991 MAX 12.4615  PROXIES: TOTAL 763 MAXPE 33 MAXPATCH 5 None MEM: 1871.33 MB
LDB: TIME 17443.8 LOAD: AVG 12.1991 MAX 12.4615  PROXIES: TOTAL 767 MAXPE 34 MAXPATCH 5 RefineTorusLB MEM: 1871.33 MB
LDB: TIME 17443.8 LOAD: AVG 12.1991 MAX 12.3622  PROXIES: TOTAL 767 MAXPE 34 MAXPATCH 5 RefineTorusLB MEM: 1871.33 MB
LDB: ============== END OF LOAD BALANCING =============== 17443.8
Info: useSync: 0 useProxySync: 0
LDB: =============== DONE WITH MIGRATION ================ 17443.8
WRITING COORDINATES TO DCD FILE output/txn_equil.dcd AT STEP 141000
TIMING: 141000  CPU: 17460.9, 0.12391/step  Wall: 17506.3, 0.124779/step, 5.51109 hours remaining, 1871.332031 MB of memory in use.
ENERGY:  141000      4187.9288     12074.2520     13507.4969       768.4940        -664423.6134     51823.6567         0.0000         0.0000    118053.1804        -464008.6045       310.5399   -582061.7849   -463903.5226       309.8706           -102.0019       -10.1115   1835467.9657        -2.9348        -2.9944

WRITING COORDINATES TO DCD FILE output/txn_equil.dcd AT STEP 142000
TIMING: 142000  CPU: 17584.6, 0.12369/step  Wall: 17630.1, 0.123828/step, 5.43468 hours remaining, 1871.332031 MB of memory in use.
ENERGY:  142000      4253.5927     12225.0814     13521.9068       763.2236        -664643.3076     52372.8557         0.0000         0.0000    117977.6036        -463529.0439       310.3411   -581506.6475   -463427.5125       309.9547             46.4199       136.7066   1833733.7987        -2.3064        -2.2077

WRITING COORDINATES TO DCD FILE output/txn_equil.dcd AT STEP 143000
TIMING: 143000  CPU: 17708.2, 0.12365/step  Wall: 17753.9, 0.123796/step, 5.39888 hours remaining, 1871.332031 MB of memory in use.
ENERGY:  143000      4401.9842     12207.9809     13544.0530       775.5785        -665220.0364     51949.3454         0.0000         0.0000    117312.1617        -465028.9327       308.5907   -582341.0944   -464892.7397       309.6961           -146.5890       -56.3999   1835065.0051         3.2555         3.2663

WRITING COORDINATES TO DCD FILE output/txn_equil.dcd AT STEP 144000
TIMING: 144000  CPU: 17831.9, 0.12372/step  Wall: 17877.8, 0.123862/step, 5.36736 hours remaining, 1871.332031 MB of memory in use.
ENERGY:  144000      4284.8676     12212.7006     13530.8249       783.0186        -664851.2972     52193.6037         0.0000         0.0000    117728.4654        -464117.8164       309.6858   -581846.2818   -464036.1260       309.4905             -4.5083        86.2150   1834729.2846         3.8637         3.9608

LDB: ============= START OF LOAD BALANCING ============== 17926.8
LDB: ============== END OF LOAD BALANCING =============== 17926.8
Info: useSync: 0 useProxySync: 0
LDB: =============== DONE WITH MIGRATION ================ 17926.8
LDB: ============= START OF LOAD BALANCING ============== 17939.2
LDB: Largest compute 557 load 0.325528 is 2.7% of average load 12.176099
LDB: Average compute 0.040293 is 0.3% of average load 12.176099
LDB: TIME 17939.2 LOAD: AVG 12.1761 MAX 12.4118  PROXIES: TOTAL 763 MAXPE 33 MAXPATCH 5 None MEM: 1871.33 MB
LDB: TIME 17939.2 LOAD: AVG 12.1761 MAX 12.4118  PROXIES: TOTAL 767 MAXPE 34 MAXPATCH 5 RefineTorusLB MEM: 1871.33 MB
LDB: TIME 17939.2 LOAD: AVG 12.1761 MAX 12.3376  PROXIES: TOTAL 767 MAXPE 34 MAXPATCH 5 RefineTorusLB MEM: 1871.33 MB
LDB: ============== END OF LOAD BALANCING =============== 17939.2
Info: useSync: 0 useProxySync: 0
LDB: =============== DONE WITH MIGRATION ================ 17939.2
WRITING COORDINATES TO DCD FILE output/txn_equil.dcd AT STEP 145000
TIMING: 145000  CPU: 17955.7, 0.12374/step  Wall: 18001.7, 0.123882/step, 5.33382 hours remaining, 1871.332031 MB of memory in use.
ENERGY:  145000      4250.2284     12179.5407     13449.3511       771.8163        -664129.9284     52127.3130         0.0000         0.0000    117739.8946        -463611.7841       309.7158   -581351.6788   -463515.2214       309.8324             21.5757       111.6647   1836219.7122         1.4773         1.4874

TIMING: 146000  CPU: 18079.1, 0.12348/step  Wall: 18125.3, 0.123631/step, 5.28866 hours remaining, 1871.332031 MB of memory in use.
ENERGY:  146000      4339.2440     12125.3594     13471.2481       724.8823        -663362.9587     51588.1849         0.0000         0.0000    117757.5696        -463356.4705       309.7623   -581114.0400   -463238.5958       310.0659            -87.5056        13.5079   1834722.7609         2.5495         2.6309

WRITING COORDINATES TO DCD FILE output/txn_equil.dcd AT STEP 146000
WRITING COORDINATES TO DCD FILE output/txn_equil.dcd AT STEP 147000
TIMING: 147000  CPU: 18202.7, 0.12354/step  Wall: 18249, 0.123678/step, 5.25633 hours remaining, 1871.332031 MB of memory in use.
ENERGY:  147000      4261.6262     12286.3968     13513.5835       765.3504        -663926.1637     51836.9205         0.0000         0.0000    117764.1058        -463498.1805       309.7795   -581262.2863   -463404.2452       310.4118           -134.8798       -42.6535   1839398.0700         2.5319         2.4919

WRITING COORDINATES TO DCD FILE output/txn_equil.dcd AT STEP 148000
TIMING: 148000  CPU: 18326.5, 0.12377/step  Wall: 18372.9, 0.123905/step, 5.23157 hours remaining, 1871.332031 MB of memory in use.
ENERGY:  148000      4266.2824     12151.2336     13468.4269       733.5049        -664445.8882     51754.0250         0.0000         0.0000    118024.2850        -464048.1304       310.4639   -582072.4154   -463960.6469       309.8174            -66.2878        16.9912   1837452.4223         4.0408         3.9655

LDB: ============= START OF LOAD BALANCING ============== 18421.8
LDB: ============== END OF LOAD BALANCING =============== 18421.8
Info: useSync: 0 useProxySync: 0
LDB: =============== DONE WITH MIGRATION ================ 18421.8
LDB: ============= START OF LOAD BALANCING ============== 18434.2
LDB: Largest compute 430 load 0.330743 is 2.7% of average load 12.161040
LDB: Average compute 0.040276 is 0.3% of average load 12.161040
LDB: TIME 18434.2 LOAD: AVG 12.161 MAX 12.3744  PROXIES: TOTAL 763 MAXPE 33 MAXPATCH 5 None MEM: 1871.33 MB
LDB: TIME 18434.2 LOAD: AVG 12.161 MAX 12.3744  PROXIES: TOTAL 767 MAXPE 34 MAXPATCH 5 RefineTorusLB MEM: 1871.33 MB
LDB: TIME 18434.2 LOAD: AVG 12.161 MAX 12.3226  PROXIES: TOTAL 767 MAXPE 34 MAXPATCH 5 RefineTorusLB MEM: 1871.33 MB
LDB: ============== END OF LOAD BALANCING =============== 18434.2
Info: useSync: 0 useProxySync: 0
LDB: =============== DONE WITH MIGRATION ================ 18434.2
TIMING: 149000  CPU: 18450.1, 0.12367/step  Wall: 18496.7, 0.123815/step, 5.19333 hours remaining, 1871.332031 MB of memory in use.
ENERGY:  149000      4290.5740     12113.2698     13519.0219       781.5739        -664262.4186     51742.8919         0.0000         0.0000    117658.1259        -464156.9611       309.5007   -581815.0870   -464059.1730       309.8722            -88.8416         3.7925   1836859.5267         0.1848         0.1766

WRITING COORDINATES TO DCD FILE output/txn_equil.dcd AT STEP 149000
WRITING COORDINATES TO DCD FILE output/txn_equil.dcd AT STEP 150000
WRITING COORDINATES TO RESTART FILE AT STEP 150000
FINISHED WRITING RESTART COORDINATES
TIMING: 150000  CPU: 18573.8, 0.12372/step  Wall: 18621.2, 0.124502/step, 5.18757 hours remaining, 1871.332031 MB of memory in use.
ETITLE:      TS           BOND          ANGLE          DIHED          IMPRP               ELECT            VDW       BOUNDARY           MISC        KINETIC               TOTAL           TEMP      POTENTIAL         TOTAL3        TEMPAVG            PRESSURE      GPRESSURE         VOLUME       PRESSAVG      GPRESSAVG

ENERGY:  150000      4362.5076     12254.1917     13440.6800       759.9810        -664565.4906     51920.1491         0.0000         0.0000    118013.4169        -463814.5644       310.4353   -581827.9813   -463713.9047       309.6069           -145.3710       -48.8742   1838924.4753        -2.4704        -2.5240

WRITING EXTENDED SYSTEM TO RESTART FILE AT STEP 150000
WRITING VELOCITIES TO RESTART FILE AT STEP 150000
FINISHED WRITING RESTART VELOCITIES
WRITING COORDINATES TO DCD FILE output/txn_equil.dcd AT STEP 151000
TIMING: 151000  CPU: 18697.9, 0.12403/step  Wall: 18746.2, 0.124961/step, 5.172 hours remaining, 1871.332031 MB of memory in use.
ENERGY:  151000      4197.9688     12048.6031     13477.5946       761.4694        -665094.1930     52046.0614         0.0000         0.0000    117882.6030        -464679.8926       310.0912   -582562.4956   -464588.3144       309.5479            -85.0717         4.5747   1838098.1937         0.4387         0.4571

WRITING COORDINATES TO DCD FILE output/txn_equil.dcd AT STEP 152000
TIMING: 152000  CPU: 18821.6, 0.12373/step  Wall: 18870.1, 0.123878/step, 5.09278 hours remaining, 1871.332031 MB of memory in use.
ENERGY:  152000      4342.4263     12188.9316     13522.9927       761.9243        -663885.9358     51495.3317         0.0000         0.0000    117523.8724        -464050.4568       309.1476   -581574.3292   -463956.6368       309.8647           -174.4396       -81.6105   1837342.2602         2.8893         3.0187

LDB: ============= START OF LOAD BALANCING ============== 18918.9
LDB: ============== END OF LOAD BALANCING =============== 18918.9
Info: useSync: 0 useProxySync: 0
LDB: =============== DONE WITH MIGRATION ================ 18918.9
LDB: ============= START OF LOAD BALANCING ============== 18931.2
LDB: Largest compute 458 load 0.336682 is 2.8% of average load 12.182401
LDB: Average compute 0.040329 is 0.3% of average load 12.182401
LDB: TIME 18931.3 LOAD: AVG 12.1824 MAX 12.3695  PROXIES: TOTAL 763 MAXPE 33 MAXPATCH 5 None MEM: 1871.33 MB
LDB: TIME 18931.3 LOAD: AVG 12.1824 MAX 12.3695  PROXIES: TOTAL 767 MAXPE 34 MAXPATCH 5 RefineTorusLB MEM: 1871.33 MB
LDB: TIME 18931.3 LOAD: AVG 12.1824 MAX 12.3486  PROXIES: TOTAL 767 MAXPE 34 MAXPATCH 5 RefineTorusLB MEM: 1871.33 MB
LDB: ============== END OF LOAD BALANCING =============== 18931.3
Info: useSync: 0 useProxySync: 0
LDB: =============== DONE WITH MIGRATION ================ 18931.3
WRITING COORDINATES TO DCD FILE output/txn_equil.dcd AT STEP 153000
TIMING: 153000  CPU: 18945.2, 0.12357/step  Wall: 18993.8, 0.123706/step, 5.05133 hours remaining, 1871.332031 MB of memory in use.
ENERGY:  153000      4272.4519     12098.0924     13469.7382       813.1008        -664860.2878     52144.8751         0.0000         0.0000    117604.3710        -464457.6584       309.3593   -582062.0293   -464362.7493       309.8003            -47.1482        40.6277   1833298.8175         0.3262         0.3262

WRITING COORDINATES TO DCD FILE output/txn_equil.dcd AT STEP 154000
TIMING: 154000  CPU: 19069, 0.12385/step  Wall: 19117.8, 0.123998/step, 5.02879 hours remaining, 1871.332031 MB of memory in use.
ENERGY:  154000      4314.6704     11992.7764     13498.3320       789.5071        -664023.7244     51535.6745         0.0000         0.0000    117433.9953        -464458.7689       308.9111   -581892.7641   -464350.9585       309.6080           -173.6415       -84.9370   1834715.4421        -2.6811        -2.7979

WRITING COORDINATES TO DCD FILE output/txn_equil.dcd AT STEP 155000
TIMING: 155000  CPU: 19192.7, 0.12364/step  Wall: 19241.5, 0.123781/step, 4.98563 hours remaining, 1871.332031 MB of memory in use.
ENERGY:  155000      4344.2002     12109.0120     13494.5261       741.2564        -664542.3868     51684.3751         0.0000         0.0000    117795.1996        -464373.8174       309.8613   -582169.0170   -464283.5249       309.4344           -125.3250       -36.8062   1833463.9344         4.4447         4.5437

WRITING COORDINATES TO DCD FILE output/txn_equil.dcd AT STEP 156000
TIMING: 156000  CPU: 19316.3, 0.12365/step  Wall: 19365.3, 0.123792/step, 4.95169 hours remaining, 1871.332031 MB of memory in use.
ENERGY:  156000      4280.5165     12203.4706     13483.4463       761.6539        -664415.5868     51766.1866         0.0000         0.0000    117654.9469        -464265.3659       309.4924   -581920.3128   -464173.4312       309.7075            -84.1890         5.6297   1833962.3071         2.9367         2.8739

LDB: ============= START OF LOAD BALANCING ============== 19414.1
LDB: ============== END OF LOAD BALANCING =============== 19414.1
Info: useSync: 0 useProxySync: 0
LDB: =============== DONE WITH MIGRATION ================ 19414.1
LDB: ============= START OF LOAD BALANCING ============== 19426.5
LDB: Largest compute 499 load 0.325898 is 2.7% of average load 12.200102
LDB: Average compute 0.040393 is 0.3% of average load 12.200102
LDB: TIME 19426.5 LOAD: AVG 12.2001 MAX 12.3842  PROXIES: TOTAL 763 MAXPE 33 MAXPATCH 5 None MEM: 1871.33 MB
LDB: TIME 19426.5 LOAD: AVG 12.2001 MAX 12.3842  PROXIES: TOTAL 767 MAXPE 34 MAXPATCH 5 RefineTorusLB MEM: 1871.33 MB
LDB: TIME 19426.5 LOAD: AVG 12.2001 MAX 12.3593  PROXIES: TOTAL 767 MAXPE 34 MAXPATCH 5 RefineTorusLB MEM: 1871.33 MB
LDB: ============== END OF LOAD BALANCING =============== 19426.5
Info: useSync: 0 useProxySync: 0
LDB: =============== DONE WITH MIGRATION ================ 19426.5
WRITING COORDINATES TO DCD FILE output/txn_equil.dcd AT STEP 157000
TIMING: 157000  CPU: 19440, 0.12365/step  Wall: 19489.1, 0.123801/step, 4.91763 hours remaining, 1871.332031 MB of memory in use.
ENERGY:  157000      4377.9138     12216.9327     13481.7038       768.2813        -663547.0812     51495.0116         0.0000         0.0000    118088.0226        -463119.2153       310.6316   -581207.2380   -463013.4915       310.2297           -146.7454       -61.0907   1836651.5261        -2.4897        -2.4935

WRITING COORDINATES TO DCD FILE output/txn_equil.dcd AT STEP 158000
TIMING: 158000  CPU: 19563.4, 0.12346/step  Wall: 19612.7, 0.123599/step, 4.8753 hours remaining, 1871.332031 MB of memory in use.
ENERGY:  158000      4360.0192     12074.3747     13472.1229       767.4868        -663759.6281     51702.2285         0.0000         0.0000    117923.9981        -463459.3979       310.2001   -581383.3960   -463361.1478       310.1491            -91.1066        -5.5980   1837244.1988        -2.8991        -2.9345

WRITING COORDINATES TO DCD FILE output/txn_equil.dcd AT STEP 159000
TIMING: 159000  CPU: 19687, 0.12362/step  Wall: 19736.5, 0.123764/step, 4.84741 hours remaining, 1871.332031 MB of memory in use.
ENERGY:  159000      4375.3249     12325.3745     13534.3087       768.8077        -663216.0379     51223.4801         0.0000         0.0000    117801.9714        -463186.7705       309.8791   -580988.7419   -463096.2110       310.4030           -178.8497       -84.5774   1835104.4143        -1.0162        -1.1082

WRITING COORDINATES TO DCD FILE output/txn_equil.dcd AT STEP 160000
WRITING COORDINATES TO RESTART FILE AT STEP 160000
FINISHED WRITING RESTART COORDINATES
WRITING VELOCITIES TO RESTART FILE AT STEP 160000
FINISHED WRITING RESTART VELOCITIES
TIMING: 160000  CPU: 19810.8, 0.12374/step  Wall: 19861.6, 0.12515/step, 4.86693 hours remaining, 1871.332031 MB of memory in use.
ETITLE:      TS           BOND          ANGLE          DIHED          IMPRP               ELECT            VDW       BOUNDARY           MISC        KINETIC               TOTAL           TEMP      POTENTIAL         TOTAL3        TEMPAVG            PRESSURE      GPRESSURE         VOLUME       PRESSAVG      GPRESSAVG

ENERGY:  160000      4261.8189     12113.6709     13492.0537       737.3069        -664137.6834     52219.1298         0.0000         0.0000    117918.1727        -463395.5304       310.1848   -581313.7032   -463320.0590       310.5749            118.3716       207.4690   1835241.0295         2.4260         2.4436

WRITING EXTENDED SYSTEM TO RESTART FILE AT STEP 160000
LDB: ============= START OF LOAD BALANCING ============== 19910.5
LDB: ============== END OF LOAD BALANCING =============== 19910.5
Info: useSync: 0 useProxySync: 0
LDB: =============== DONE WITH MIGRATION ================ 19910.5
LDB: ============= START OF LOAD BALANCING ============== 19922.9
LDB: Largest compute 515 load 0.324548 is 2.7% of average load 12.188268
LDB: Average compute 0.040302 is 0.3% of average load 12.188268
LDB: TIME 19922.9 LOAD: AVG 12.1883 MAX 12.3581  PROXIES: TOTAL 763 MAXPE 33 MAXPATCH 5 None MEM: 1871.33 MB
LDB: TIME 19922.9 LOAD: AVG 12.1883 MAX 12.3581  PROXIES: TOTAL 767 MAXPE 34 MAXPATCH 5 RefineTorusLB MEM: 1871.33 MB
LDB: TIME 19922.9 LOAD: AVG 12.1883 MAX 12.3391  PROXIES: TOTAL 767 MAXPE 34 MAXPATCH 5 RefineTorusLB MEM: 1871.33 MB
LDB: ============== END OF LOAD BALANCING =============== 19922.9
Info: useSync: 0 useProxySync: 0
LDB: =============== DONE WITH MIGRATION ================ 19922.9
WRITING COORDINATES TO DCD FILE output/txn_equil.dcd AT STEP 161000
TIMING: 161000  CPU: 19934.2, 0.12339/step  Wall: 19985.3, 0.123652/step, 4.77435 hours remaining, 1871.332031 MB of memory in use.
ENERGY:  161000      4359.9730     12088.6891     13487.7285       762.4139        -663343.0650     51276.2152         0.0000         0.0000    117714.3538        -463653.6915       309.6486   -581368.0453   -463559.6652       310.4552           -189.9783       -88.9770   1837043.8252         1.3991         1.2463

WRITING COORDINATES TO DCD FILE output/txn_equil.dcd AT STEP 162000
TIMING: 162000  CPU: 20058.2, 0.12404/step  Wall: 20109.5, 0.124188/step, 4.76053 hours remaining, 1871.332031 MB of memory in use.
ENERGY:  162000      4429.4908     12187.7496     13501.0176       726.6829        -664030.3556     51619.0323         0.0000         0.0000    117833.6460        -463732.7363       309.9624   -581566.3823   -463613.2533       310.1142            -99.5656        -5.2680   1834702.1160         3.2615         3.0972

WRITING COORDINATES TO DCD FILE output/txn_equil.dcd AT STEP 163000
TIMING: 163000  CPU: 20182.1, 0.12387/step  Wall: 20233.5, 0.124012/step, 4.71934 hours remaining, 1871.332031 MB of memory in use.
ENERGY:  163000      4350.9296     12222.7308     13403.1700       753.9271        -664863.9825     52300.9777         0.0000         0.0000    118004.3154        -463827.9319       310.4114   -581832.2473   -463731.1963       309.6309            -80.1539        12.3158   1838236.2140         2.9336         2.7863

WRITING COORDINATES TO DCD FILE output/txn_equil.dcd AT STEP 164000
TIMING: 164000  CPU: 20306.3, 0.1242/step  Wall: 20357.8, 0.124344/step, 4.69743 hours remaining, 1871.332031 MB of memory in use.
ENERGY:  164000      4369.6547     12099.9583     13455.6386       806.3812        -663148.0768     51080.4726         0.0000         0.0000    117892.5484        -463443.4230       310.1174   -581335.9714   -463343.0849       310.1073           -112.3367       -21.1237   1837596.5008         3.7276         3.8368

LDB: ============= START OF LOAD BALANCING ============== 20406.9
LDB: ============== END OF LOAD BALANCING =============== 20406.9
Info: useSync: 0 useProxySync: 0
LDB: =============== DONE WITH MIGRATION ================ 20406.9
LDB: ============= START OF LOAD BALANCING ============== 20419.4
LDB: Largest compute 568 load 0.335095 is 2.7% of average load 12.210218
LDB: Average compute 0.040382 is 0.3% of average load 12.210218
LDB: TIME 20419.4 LOAD: AVG 12.2102 MAX 12.4665  PROXIES: TOTAL 763 MAXPE 33 MAXPATCH 5 None MEM: 1871.33 MB
LDB: TIME 20419.4 LOAD: AVG 12.2102 MAX 12.4665  PROXIES: TOTAL 767 MAXPE 34 MAXPATCH 5 RefineTorusLB MEM: 1871.33 MB
LDB: TIME 20419.4 LOAD: AVG 12.2102 MAX 12.3631  PROXIES: TOTAL 767 MAXPE 34 MAXPATCH 5 RefineTorusLB MEM: 1871.33 MB
LDB: ============== END OF LOAD BALANCING =============== 20419.4
Info: useSync: 0 useProxySync: 0
LDB: =============== DONE WITH MIGRATION ================ 20419.4
WRITING COORDINATES TO DCD FILE output/txn_equil.dcd AT STEP 165000
TIMING: 165000  CPU: 20430.7, 0.12446/step  Wall: 20482.4, 0.124604/step, 4.67265 hours remaining, 1871.332031 MB of memory in use.
ENERGY:  165000      4344.5866     12246.2696     13476.1844       773.2084        -664167.5509     51223.4390         0.0000         0.0000    117550.3189        -464553.5442       309.2171   -582103.8630   -464448.3561       310.1812           -240.6665      -145.0899   1836836.0163         3.0066         2.9435

WRITING COORDINATES TO DCD FILE output/txn_equil.dcd AT STEP 166000
TIMING: 166000  CPU: 20554.9, 0.12415/step  Wall: 20606.7, 0.124296/step, 4.62656 hours remaining, 1871.332031 MB of memory in use.
ENERGY:  166000      4293.7230     12123.7742     13461.0130       755.5829        -664689.5264     51929.3246         0.0000         0.0000    118481.7171        -463644.3917       311.6672   -582126.1088   -463541.9481       309.7270            -42.5868        44.8236   1836200.9304        -0.1254        -0.2149

TIMING: 167000  CPU: 20679, 0.12408/step  Wall: 20731, 0.124231/step, 4.58964 hours remaining, 1871.332031 MB of memory in use.
ENERGY:  167000      4330.8248     12142.3714     13533.7137       788.6857        -663920.0711     51306.6591         0.0000         0.0000    117706.6253        -464111.1912       309.6283   -581817.8166   -464002.8825       310.0295           -133.7211       -46.7494   1835627.8505         8.2294         8.2651

WRITING COORDINATES TO DCD FILE output/txn_equil.dcd AT STEP 167000
WRITING COORDINATES TO DCD FILE output/txn_equil.dcd AT STEP 168000
TIMING: 168000  CPU: 20802.9, 0.12391/step  Wall: 20855, 0.124048/step, 4.54842 hours remaining, 1871.332031 MB of memory in use.
ENERGY:  168000      4274.5483     12276.3499     13554.4137       764.0131        -663388.0511     51670.9405         0.0000         0.0000    117525.6790        -463322.1066       309.1523   -580847.7856   -463244.3829       309.7970            -24.6504        67.8553   1838798.8658        -0.7450        -0.7180

LDB: ============= START OF LOAD BALANCING ============== 20903.9
LDB: ============== END OF LOAD BALANCING =============== 20903.9
Info: useSync: 0 useProxySync: 0
LDB: =============== DONE WITH MIGRATION ================ 20903.9
LDB: ============= START OF LOAD BALANCING ============== 20916.3
LDB: Largest compute 458 load 0.334746 is 2.7% of average load 12.209536
LDB: Average compute 0.040382 is 0.3% of average load 12.209536
LDB: TIME 20916.3 LOAD: AVG 12.2095 MAX 12.4018  PROXIES: TOTAL 763 MAXPE 33 MAXPATCH 5 None MEM: 1871.33 MB
LDB: TIME 20916.3 LOAD: AVG 12.2095 MAX 12.4018  PROXIES: TOTAL 767 MAXPE 34 MAXPATCH 5 RefineTorusLB MEM: 1871.33 MB
LDB: TIME 20916.3 LOAD: AVG 12.2095 MAX 12.3638  PROXIES: TOTAL 767 MAXPE 34 MAXPATCH 5 RefineTorusLB MEM: 1871.33 MB
LDB: ============== END OF LOAD BALANCING =============== 20916.3
Info: useSync: 0 useProxySync: 0
LDB: =============== DONE WITH MIGRATION ================ 20916.3
WRITING COORDINATES TO DCD FILE output/txn_equil.dcd AT STEP 169000
TIMING: 169000  CPU: 20926.7, 0.12385/step  Wall: 20979, 0.124003/step, 4.51232 hours remaining, 1871.332031 MB of memory in use.
ENERGY:  169000      4362.6338     12222.4478     13545.0953       756.4589        -663720.1118     51338.1540         0.0000         0.0000    117898.4913        -463596.8307       310.1330   -581495.3220   -463498.3485       310.3934            -60.9726        23.9518   1837709.4407         1.8792         2.0084

WRITING COORDINATES TO DCD FILE output/txn_equil.dcd AT STEP 170000
WRITING COORDINATES TO RESTART FILE AT STEP 170000
FINISHED WRITING RESTART COORDINATES
WRITING VELOCITIES TO RESTART FILE AT STEP 170000
FINISHED WRITING RESTART VELOCITIES
TIMING: 170000  CPU: 21050.2, 0.1235/step  Wall: 21104.4, 0.125369/step, 4.52722 hours remaining, 1871.332031 MB of memory in use.
ETITLE:      TS           BOND          ANGLE          DIHED          IMPRP               ELECT            VDW       BOUNDARY           MISC        KINETIC               TOTAL           TEMP      POTENTIAL         TOTAL3        TEMPAVG            PRESSURE      GPRESSURE         VOLUME       PRESSAVG      GPRESSAVG

ENERGY:  170000      4273.7961     12125.6879     13437.5945       774.4474        -664332.4021     51777.7834         0.0000         0.0000    117633.0522        -464310.0405       309.4348   -581943.0927   -464234.6351       309.7099           -101.9683       -11.2100   1838493.3541         1.8165         1.7486

WRITING EXTENDED SYSTEM TO RESTART FILE AT STEP 170000
WRITING COORDINATES TO DCD FILE output/txn_equil.dcd AT STEP 171000
TIMING: 171000  CPU: 21174, 0.12376/step  Wall: 21228.4, 0.124019/step, 4.44402 hours remaining, 1871.332031 MB of memory in use.
ENERGY:  171000      4231.7471     12100.1811     13468.8756       754.0920        -662960.7804     51294.3047         0.0000         0.0000    116848.4775        -464263.1026       307.3709   -581111.5800   -464190.6287       309.3041           -141.9427       -50.5905   1839180.5845        -4.1256        -4.1864

WRITING COORDINATES TO DCD FILE output/txn_equil.dcd AT STEP 172000
TIMING: 172000  CPU: 21298.2, 0.12423/step  Wall: 21352.8, 0.124377/step, 4.42229 hours remaining, 1871.332031 MB of memory in use.
ENERGY:  172000      4329.9598     12117.8713     13417.8237       733.3197        -663967.3564     51695.7985         0.0000         0.0000    117796.9492        -463875.6341       309.8659   -581672.5833   -463796.0603       309.3831           -102.4438       -10.0142   1840114.0995        -0.1582         0.0100

LDB: ============= START OF LOAD BALANCING ============== 21401.7
LDB: ============== END OF LOAD BALANCING =============== 21401.7
Info: useSync: 0 useProxySync: 0
LDB: =============== DONE WITH MIGRATION ================ 21401.7
LDB: ============= START OF LOAD BALANCING ============== 21414.1
LDB: Largest compute 430 load 0.329537 is 2.7% of average load 12.171355
LDB: Average compute 0.040258 is 0.3% of average load 12.171355
LDB: TIME 21414.2 LOAD: AVG 12.1714 MAX 12.4123  PROXIES: TOTAL 763 MAXPE 33 MAXPATCH 5 None MEM: 1871.33 MB
LDB: TIME 21414.2 LOAD: AVG 12.1714 MAX 12.4123  PROXIES: TOTAL 767 MAXPE 34 MAXPATCH 5 RefineTorusLB MEM: 1871.33 MB
LDB: TIME 21414.2 LOAD: AVG 12.1714 MAX 12.3237  PROXIES: TOTAL 767 MAXPE 34 MAXPATCH 5 RefineTorusLB MEM: 1871.33 MB
LDB: ============== END OF LOAD BALANCING =============== 21414.2
Info: useSync: 0 useProxySync: 0
LDB: =============== DONE WITH MIGRATION ================ 21414.2
WRITING COORDINATES TO DCD FILE output/txn_equil.dcd AT STEP 173000
TIMING: 173000  CPU: 21422.1, 0.12383/step  Wall: 21476.8, 0.123979/step, 4.37371 hours remaining, 1871.332031 MB of memory in use.
ENERGY:  173000      4366.6327     12082.7522     13434.1640       739.5971        -663543.1166     51582.5357         0.0000         0.0000    117725.0327        -463612.4022       309.6767   -581337.4348   -463508.5724       310.1189           -212.1360      -120.2986   1840286.5622        -1.3737        -1.3963

WRITING COORDINATES TO DCD FILE output/txn_equil.dcd AT STEP 174000
TIMING: 174000  CPU: 21546, 0.12392/step  Wall: 21600.8, 0.124058/step, 4.34205 hours remaining, 1871.332031 MB of memory in use.
ENERGY:  174000      4289.2006     12020.1771     13480.9154       759.0583        -664388.5921     51770.7979         0.0000         0.0000    117797.7428        -464270.7001       309.8680   -582068.4429   -464169.5973       309.8784           -118.4239       -30.8666   1835759.0915        -1.3609        -1.3554

WRITING COORDINATES TO DCD FILE output/txn_equil.dcd AT STEP 175000
TIMING: 175000  CPU: 21670.8, 0.1248/step  Wall: 21725.8, 0.124952/step, 4.33863 hours remaining, 1871.332031 MB of memory in use.
ENERGY:  175000      4368.0901     12248.3135     13528.0133       757.6571        -664644.8468     52276.8579         0.0000         0.0000    117621.4650        -463844.4499       309.4043   -581465.9149   -463742.2047       309.8623             24.7414       117.3573   1835865.6813        -1.6629        -1.5302

WRITING COORDINATES TO DCD FILE output/txn_equil.dcd AT STEP 176000
TIMING: 176000  CPU: 21795.1, 0.12428/step  Wall: 21850.2, 0.124418/step, 4.2855 hours remaining, 1871.332031 MB of memory in use.
ENERGY:  176000      4246.3020     12159.1255     13508.0112       757.9047        -664754.2958     51828.2557         0.0000         0.0000    117879.8928        -464374.8039       310.0841   -582254.6967   -464280.2179       309.5556            -24.9188        61.6441   1836625.6860         6.7759         6.8661

LDB: ============= START OF LOAD BALANCING ============== 21899.2
LDB: ============== END OF LOAD BALANCING =============== 21899.2
Info: useSync: 0 useProxySync: 0
LDB: =============== DONE WITH MIGRATION ================ 21899.2
LDB: ============= START OF LOAD BALANCING ============== 21911.7
LDB: Largest compute 457 load 0.316988 is 2.6% of average load 12.197080
LDB: Average compute 0.040370 is 0.3% of average load 12.197080
LDB: TIME 21911.7 LOAD: AVG 12.1971 MAX 12.4857  PROXIES: TOTAL 763 MAXPE 33 MAXPATCH 5 None MEM: 1871.33 MB
LDB: TIME 21911.7 LOAD: AVG 12.1971 MAX 12.4857  PROXIES: TOTAL 767 MAXPE 34 MAXPATCH 5 RefineTorusLB MEM: 1871.33 MB
LDB: TIME 21911.7 LOAD: AVG 12.1971 MAX 12.3596  PROXIES: TOTAL 767 MAXPE 34 MAXPATCH 5 RefineTorusLB MEM: 1871.33 MB
LDB: ============== END OF LOAD BALANCING =============== 21911.8
Info: useSync: 0 useProxySync: 0
LDB: =============== DONE WITH MIGRATION ================ 21911.8
WRITING COORDINATES TO DCD FILE output/txn_equil.dcd AT STEP 177000
TIMING: 177000  CPU: 21919.2, 0.12416/step  Wall: 21974.5, 0.124304/step, 4.24705 hours remaining, 1871.332031 MB of memory in use.
ENERGY:  177000      4252.0174     12099.3707     13459.2128       774.3334        -664963.6227     52089.7710         0.0000         0.0000    118027.9053        -464261.0121       310.4734   -582288.9174   -464166.8295       309.7682           -111.9613       -29.4354   1833987.8501         6.7031         6.7004

WRITING COORDINATES TO DCD FILE output/txn_equil.dcd AT STEP 178000
TIMING: 178000  CPU: 22043.4, 0.12423/step  Wall: 22098.9, 0.124372/step, 4.21484 hours remaining, 1871.332031 MB of memory in use.
ENERGY:  178000      4328.2171     12073.4087     13566.7782       757.4945        -664473.1233     51778.6194         0.0000         0.0000    117731.7973        -464236.8082       309.6945   -581968.6055   -464149.9882       310.0121            -77.0180         9.8252   1835244.2167         2.6517         2.7266

WRITING COORDINATES TO DCD FILE output/txn_equil.dcd AT STEP 179000
TIMING: 179000  CPU: 22168, 0.12453/step  Wall: 22223.6, 0.124687/step, 4.19087 hours remaining, 1871.332031 MB of memory in use.
ENERGY:  179000      4270.8168     11964.5424     13438.7039       753.9023        -663599.1048     51801.4380         0.0000         0.0000    117779.9696        -463589.7317       309.8212   -581369.7013   -463502.4367       309.8442            -50.2733        40.0202   1840696.5558        -1.9998        -1.8910

WRITING COORDINATES TO DCD FILE output/txn_equil.dcd AT STEP 180000
WRITING COORDINATES TO RESTART FILE AT STEP 180000
FINISHED WRITING RESTART COORDINATES
WRITING VELOCITIES TO RESTART FILE AT STEP 180000
FINISHED WRITING RESTART VELOCITIES
TIMING: 180000  CPU: 22292.4, 0.12445/step  Wall: 22349.6, 0.126067/step, 4.20222 hours remaining, 1871.332031 MB of memory in use.
ETITLE:      TS           BOND          ANGLE          DIHED          IMPRP               ELECT            VDW       BOUNDARY           MISC        KINETIC               TOTAL           TEMP      POTENTIAL         TOTAL3        TEMPAVG            PRESSURE      GPRESSURE         VOLUME       PRESSAVG      GPRESSAVG

ENERGY:  180000      4282.1733     12205.4103     13466.7406       741.9622        -663441.8738     51831.4472         0.0000         0.0000    117889.4432        -463024.6970       310.1092   -580914.1403   -462934.8042       309.8130             15.8233       105.0949   1836190.8157         7.3834         7.4175

WRITING EXTENDED SYSTEM TO RESTART FILE AT STEP 180000
LDB: ============= START OF LOAD BALANCING ============== 22398.6
LDB: ============== END OF LOAD BALANCING =============== 22398.6
Info: useSync: 0 useProxySync: 0
LDB: =============== DONE WITH MIGRATION ================ 22398.6
LDB: ============= START OF LOAD BALANCING ============== 22411
LDB: Largest compute 430 load 0.345263 is 2.8% of average load 12.179177
LDB: Average compute 0.040301 is 0.3% of average load 12.179177
LDB: TIME 22411 LOAD: AVG 12.1792 MAX 12.3765  PROXIES: TOTAL 763 MAXPE 33 MAXPATCH 5 None MEM: 1871.33 MB
LDB: TIME 22411 LOAD: AVG 12.1792 MAX 12.3765  PROXIES: TOTAL 767 MAXPE 34 MAXPATCH 5 RefineTorusLB MEM: 1871.33 MB
LDB: TIME 22411 LOAD: AVG 12.1792 MAX 12.3381  PROXIES: TOTAL 767 MAXPE 34 MAXPATCH 5 RefineTorusLB MEM: 1871.33 MB
LDB: ============== END OF LOAD BALANCING =============== 22411
Info: useSync: 0 useProxySync: 0
LDB: =============== DONE WITH MIGRATION ================ 22411
TIMING: 181000  CPU: 22416.3, 0.12389/step  Wall: 22473.8, 0.124156/step, 4.10404 hours remaining, 1871.332031 MB of memory in use.
ENERGY:  181000      4366.7897     12194.7487     13518.3530       758.3267        -665017.1915     52222.7761         0.0000         0.0000    118038.3867        -463917.8107       310.5010   -581956.1974   -463799.4786       310.1460            -34.5519        58.4813   1838211.2980        -1.7122        -1.4766

WRITING COORDINATES TO DCD FILE output/txn_equil.dcd AT STEP 181000
WRITING COORDINATES TO DCD FILE output/txn_equil.dcd AT STEP 182000
TIMING: 182000  CPU: 22540.2, 0.12393/step  Wall: 22597.8, 0.124066/step, 4.06661 hours remaining, 1871.332031 MB of memory in use.
ENERGY:  182000      4384.7059     11990.6376     13446.3620       728.7015        -664104.8947     51841.2192         0.0000         0.0000    117466.2356        -464247.0330       308.9960   -581713.2686   -464163.0259       309.3499           -146.0515       -51.9596   1839571.0160        -1.6167        -1.5130

WRITING COORDINATES TO DCD FILE output/txn_equil.dcd AT STEP 183000
TIMING: 183000  CPU: 22664, 0.1238/step  Wall: 22721.8, 0.123945/step, 4.02821 hours remaining, 1871.332031 MB of memory in use.
ENERGY:  183000      4430.6830     11900.5818     13417.0744       741.0515        -664665.4639     52584.5612         0.0000         0.0000    117521.7573        -464069.7547       309.1420   -581591.5120   -463966.6801       309.4367             29.3214       112.5738   1840335.7372        -0.7613        -0.8054

WRITING COORDINATES TO DCD FILE output/txn_equil.dcd AT STEP 184000
TIMING: 184000  CPU: 22787.8, 0.12378/step  Wall: 22845.7, 0.12393/step, 3.9933 hours remaining, 1871.332031 MB of memory in use.
ENERGY:  184000      4305.6262     12027.8096     13475.6676       779.1032        -664513.6231     52235.2054         0.0000         0.0000    117489.8681        -464200.3430       309.0581   -581690.2111   -464119.1910       309.6382              6.0095       103.7402   1838464.1908         1.0502         1.1166

LDB: ============= START OF LOAD BALANCING ============== 22894.7
LDB: ============== END OF LOAD BALANCING =============== 22894.7
Info: useSync: 0 useProxySync: 0
LDB: =============== DONE WITH MIGRATION ================ 22894.7
LDB: ============= START OF LOAD BALANCING ============== 22907.2
LDB: Largest compute 562 load 0.324008 is 2.7% of average load 12.193715
LDB: Average compute 0.040341 is 0.3% of average load 12.193715
LDB: TIME 22907.2 LOAD: AVG 12.1937 MAX 12.4925  PROXIES: TOTAL 763 MAXPE 33 MAXPATCH 5 None MEM: 1871.33 MB
LDB: TIME 22907.2 LOAD: AVG 12.1937 MAX 12.4925  PROXIES: TOTAL 767 MAXPE 34 MAXPATCH 5 RefineTorusLB MEM: 1871.33 MB
LDB: TIME 22907.2 LOAD: AVG 12.1937 MAX 12.3573  PROXIES: TOTAL 767 MAXPE 34 MAXPATCH 5 RefineTorusLB MEM: 1871.33 MB
LDB: ============== END OF LOAD BALANCING =============== 22907.2
Info: useSync: 0 useProxySync: 0
LDB: =============== DONE WITH MIGRATION ================ 22907.2
WRITING COORDINATES TO DCD FILE output/txn_equil.dcd AT STEP 185000
TIMING: 185000  CPU: 22911.7, 0.12388/step  Wall: 22969.7, 0.124019/step, 3.96172 hours remaining, 1871.332031 MB of memory in use.
ENERGY:  185000      4400.4624     12157.4615     13446.5231       791.0142        -663566.0801     51840.0354         0.0000         0.0000    117528.8284        -463401.7551       309.1606   -580930.5835   -463308.4151       309.7200           -153.7815       -64.3725   1839305.0786         0.9928         0.8635

WRITING COORDINATES TO DCD FILE output/txn_equil.dcd AT STEP 186000
TIMING: 186000  CPU: 23035.3, 0.12356/step  Wall: 23093.4, 0.123712/step, 3.91754 hours remaining, 1871.332031 MB of memory in use.
ENERGY:  186000      4280.4993     12060.1150     13541.4382       754.5592        -664121.8306     51881.2561         0.0000         0.0000    117667.7524        -463936.2104       309.5260   -581603.9628   -463833.9478       310.1226            -31.8039        51.3219   1835911.9646         6.4847         6.5114

WRITING COORDINATES TO DCD FILE output/txn_equil.dcd AT STEP 187000
TIMING: 187000  CPU: 23159, 0.12378/step  Wall: 23217.4, 0.123923/step, 3.88979 hours remaining, 1871.332031 MB of memory in use.
ENERGY:  187000      4411.5917     12038.8455     13412.0517       775.8651        -664586.4821     51740.3556         0.0000         0.0000    118241.1131        -463966.6594       311.0343   -582207.7726   -463862.9163       309.8179           -136.8062       -38.8209   1838158.6011        -2.1040        -1.9769

WRITING COORDINATES TO DCD FILE output/txn_equil.dcd AT STEP 188000
TIMING: 188000  CPU: 23282.9, 0.12383/step  Wall: 23341.3, 0.123972/step, 3.85692 hours remaining, 1871.332031 MB of memory in use.
ENERGY:  188000      4374.8187     12079.0100     13514.8346       714.1352        -664005.9679     51731.4000         0.0000         0.0000    117829.6999        -463762.0696       309.9521   -581591.7694   -463660.5006       309.8066           -115.4466       -23.7596   1836963.3660        -1.1640        -1.1612

LDB: ============= START OF LOAD BALANCING ============== 23390.2
LDB: ============== END OF LOAD BALANCING =============== 23390.2
Info: useSync: 0 useProxySync: 0
LDB: =============== DONE WITH MIGRATION ================ 23390.2
LDB: ============= START OF LOAD BALANCING ============== 23402.6
LDB: Largest compute 557 load 0.325985 is 2.7% of average load 12.198283
LDB: Average compute 0.040346 is 0.3% of average load 12.198283
LDB: TIME 23402.6 LOAD: AVG 12.1983 MAX 12.3886  PROXIES: TOTAL 763 MAXPE 33 MAXPATCH 5 None MEM: 1871.33 MB
LDB: TIME 23402.6 LOAD: AVG 12.1983 MAX 12.3886  PROXIES: TOTAL 767 MAXPE 34 MAXPATCH 5 RefineTorusLB MEM: 1871.33 MB
LDB: TIME 23402.6 LOAD: AVG 12.1983 MAX 12.3515  PROXIES: TOTAL 767 MAXPE 34 MAXPATCH 5 RefineTorusLB MEM: 1871.33 MB
LDB: ============== END OF LOAD BALANCING =============== 23402.6
Info: useSync: 0 useProxySync: 0
LDB: =============== DONE WITH MIGRATION ================ 23402.6
WRITING COORDINATES TO DCD FILE output/txn_equil.dcd AT STEP 189000
TIMING: 189000  CPU: 23406.8, 0.1239/step  Wall: 23465.4, 0.124041/step, 3.82461 hours remaining, 1871.332031 MB of memory in use.
ENERGY:  189000      4290.9728     12191.7214     13497.0439       747.6412        -664593.3250     51826.2791         0.0000         0.0000    118028.4131        -464011.2534       310.4748   -582039.6665   -463915.5872       309.7898            -97.6783       -10.9917   1837915.3287        -1.2775        -1.3175

TIMING: 190000  CPU: 23530.6, 0.1238/step  Wall: 23589.3, 0.123944/step, 3.78717 hours remaining, 1871.332031 MB of memory in use.
ETITLE:      TS           BOND          ANGLE          DIHED          IMPRP               ELECT            VDW       BOUNDARY           MISC        KINETIC               TOTAL           TEMP      POTENTIAL         TOTAL3        TEMPAVG            PRESSURE      GPRESSURE         VOLUME       PRESSAVG      GPRESSAVG

ENERGY:  190000      4357.1764     12067.5075     13466.0448       746.8177        -664211.1801     51949.7549         0.0000         0.0000    117716.7132        -463907.1655       309.6548   -581623.8788   -463800.7261       309.9564            -54.7505        40.8401   1835893.3022         2.0713         2.0670

WRITING EXTENDED SYSTEM TO RESTART FILE AT STEP 190000
WRITING COORDINATES TO DCD FILE output/txn_equil.dcd AT STEP 190000
WRITING COORDINATES TO RESTART FILE AT STEP 190000
FINISHED WRITING RESTART COORDINATES
WRITING VELOCITIES TO RESTART FILE AT STEP 190000
FINISHED WRITING RESTART VELOCITIES
WRITING COORDINATES TO DCD FILE output/txn_equil.dcd AT STEP 191000
TIMING: 191000  CPU: 23654.6, 0.12404/step  Wall: 23715.2, 0.12586/step, 3.81075 hours remaining, 1871.332031 MB of memory in use.
ENERGY:  191000      4335.0372     12039.2313     13425.4282       729.1701        -664553.0076     52186.5119         0.0000         0.0000    117842.6716        -463994.9574       309.9862   -581837.6289   -463896.0540       309.8054            -54.4362        37.6641   1837303.8122         1.5936         1.5622

WRITING COORDINATES TO DCD FILE output/txn_equil.dcd AT STEP 192000
TIMING: 192000  CPU: 23778.2, 0.12354/step  Wall: 23838.9, 0.123679/step, 3.71038 hours remaining, 1871.332031 MB of memory in use.
ENERGY:  192000      4234.5344     12144.5338     13517.4457       811.7792        -665546.0757     52218.2653         0.0000         0.0000    118367.1553        -464252.3620       311.3658   -582619.5173   -464167.4604       309.4311            -42.9204        54.0312   1836128.1140        -3.0007        -2.9611

LDB: ============= START OF LOAD BALANCING ============== 23887.6
LDB: ============== END OF LOAD BALANCING =============== 23887.6
Info: useSync: 0 useProxySync: 0
LDB: =============== DONE WITH MIGRATION ================ 23887.6
LDB: ============= START OF LOAD BALANCING ============== 23900
LDB: Largest compute 557 load 0.326419 is 2.7% of average load 12.187579
LDB: Average compute 0.040311 is 0.3% of average load 12.187579
LDB: TIME 23900 LOAD: AVG 12.1876 MAX 12.354  PROXIES: TOTAL 763 MAXPE 33 MAXPATCH 5 None MEM: 1871.33 MB
LDB: TIME 23900 LOAD: AVG 12.1876 MAX 12.354  PROXIES: TOTAL 767 MAXPE 34 MAXPATCH 5 RefineTorusLB MEM: 1871.33 MB
LDB: TIME 23900 LOAD: AVG 12.1876 MAX 12.354  PROXIES: TOTAL 767 MAXPE 34 MAXPATCH 5 RefineTorusLB MEM: 1871.33 MB
LDB: ============== END OF LOAD BALANCING =============== 23900
Info: useSync: 0 useProxySync: 0
LDB: =============== DONE WITH MIGRATION ================ 23900
WRITING COORDINATES TO DCD FILE output/txn_equil.dcd AT STEP 193000
TIMING: 193000  CPU: 23901.8, 0.12363/step  Wall: 23962.6, 0.123776/step, 3.6789 hours remaining, 1871.332031 MB of memory in use.
ENERGY:  193000      4282.8167     11986.6044     13454.8643       721.3972        -664074.0576     51811.8535         0.0000         0.0000    117926.9213        -463889.6003       310.2078   -581816.5216   -463816.9968       309.7182           -172.5264       -78.5771   1835619.1670        -0.0393        -0.0538

WRITING COORDINATES TO DCD FILE output/txn_equil.dcd AT STEP 194000
TIMING: 194000  CPU: 24025.7, 0.1239/step  Wall: 24086.7, 0.124041/step, 3.65232 hours remaining, 1871.332031 MB of memory in use.
ENERGY:  194000      4376.0061     11957.6956     13460.3862       771.2972        -663828.9117     51648.8260         0.0000         0.0000    117612.8081        -464001.8926       309.3815   -581614.7007   -463904.6548       309.8315           -120.8579       -27.4073   1833373.2308         0.2217         0.2562

WRITING COORDINATES TO DCD FILE output/txn_equil.dcd AT STEP 195000
TIMING: 195000  CPU: 24149.7, 0.12402/step  Wall: 24210.8, 0.124164/step, 3.62145 hours remaining, 1871.332031 MB of memory in use.
ENERGY:  195000      4259.5870     12162.6949     13420.7697       741.1685        -665147.8065     52317.3870         0.0000         0.0000    117837.3692        -464408.8301       309.9722   -582246.1993   -464306.7158       309.7887             37.3918       136.0928   1832443.9725         0.8132         0.7568

WRITING COORDINATES TO DCD FILE output/txn_equil.dcd AT STEP 196000
TIMING: 196000  CPU: 24273.6, 0.12388/step  Wall: 24334.9, 0.124026/step, 3.58299 hours remaining, 1871.332031 MB of memory in use.
ENERGY:  196000      4278.8876     12182.2538     13558.0250       754.6745        -664531.7477     51739.1075         0.0000         0.0000    117520.2223        -464498.5769       309.1380   -582018.7992   -464390.1712       309.3371           -113.5098       -31.1304   1834334.7377        -0.2849        -0.2532

LDB: ============= START OF LOAD BALANCING ============== 24383.8
LDB: ============== END OF LOAD BALANCING =============== 24383.8
Info: useSync: 0 useProxySync: 0
LDB: =============== DONE WITH MIGRATION ================ 24383.8
LDB: ============= START OF LOAD BALANCING ============== 24396.2
LDB: Largest compute 557 load 0.324954 is 2.7% of average load 12.201019
LDB: Average compute 0.040376 is 0.3% of average load 12.201019
LDB: TIME 24396.2 LOAD: AVG 12.201 MAX 12.3919  PROXIES: TOTAL 763 MAXPE 33 MAXPATCH 5 None MEM: 1871.33 MB
LDB: TIME 24396.2 LOAD: AVG 12.201 MAX 12.3919  PROXIES: TOTAL 767 MAXPE 34 MAXPATCH 5 RefineTorusLB MEM: 1871.33 MB
LDB: TIME 24396.2 LOAD: AVG 12.201 MAX 12.3279  PROXIES: TOTAL 767 MAXPE 34 MAXPATCH 5 RefineTorusLB MEM: 1871.33 MB
LDB: ============== END OF LOAD BALANCING =============== 24396.2
Info: useSync: 0 useProxySync: 0
LDB: =============== DONE WITH MIGRATION ================ 24396.2
WRITING COORDINATES TO DCD FILE output/txn_equil.dcd AT STEP 197000
TIMING: 197000  CPU: 24397.5, 0.12394/step  Wall: 24459, 0.124088/step, 3.55029 hours remaining, 1871.332031 MB of memory in use.
ENERGY:  197000      4355.3072     12184.1606     13490.6721       727.7900        -664267.2905     51526.2667         0.0000         0.0000    117604.7167        -464378.3772       309.3602   -581983.0939   -464269.2080       309.5455           -204.7015      -118.6288   1837084.4880         2.1039         2.1340

WRITING COORDINATES TO DCD FILE output/txn_equil.dcd AT STEP 198000
TIMING: 198000  CPU: 24521.9, 0.12435/step  Wall: 24583.5, 0.124494/step, 3.52734 hours remaining, 1871.332031 MB of memory in use.
ENERGY:  198000      4408.0292     12171.9994     13513.5348       748.1927        -664490.4104     51286.7167         0.0000         0.0000    118157.2326        -464204.7050       310.8136   -582361.9375   -464102.9253       309.5910           -192.6632      -101.9751   1835022.2401         0.8671         0.8635

WRITING COORDINATES TO DCD FILE output/txn_equil.dcd AT STEP 199000
TIMING: 199000  CPU: 24645.8, 0.12393/step  Wall: 24707.5, 0.124068/step, 3.4808 hours remaining, 1871.332031 MB of memory in use.
ENERGY:  199000      4401.6238     12062.8607     13436.5643       769.0753        -664152.3675     51677.8018         0.0000         0.0000    117875.4673        -463928.9744       310.0724   -581804.4417   -463846.8758       309.9062           -104.5779       -15.1858   1835145.7377         4.0082         4.0080

WRITING COORDINATES TO DCD FILE output/txn_equil.dcd AT STEP 200000
WRITING COORDINATES TO RESTART FILE AT STEP 200000
FINISHED WRITING RESTART COORDINATES
WRITING VELOCITIES TO RESTART FILE AT STEP 200000
FINISHED WRITING RESTART VELOCITIES
TIMING: 200000  CPU: 24769.8, 0.12396/step  Wall: 24832.9, 0.125349/step, 3.48191 hours remaining, 1871.332031 MB of memory in use.
ETITLE:      TS           BOND          ANGLE          DIHED          IMPRP               ELECT            VDW       BOUNDARY           MISC        KINETIC               TOTAL           TEMP      POTENTIAL         TOTAL3        TEMPAVG            PRESSURE      GPRESSURE         VOLUME       PRESSAVG      GPRESSAVG

ENERGY:  200000      4239.6354     11997.6604     13484.9181       750.5270        -665066.6162     52182.9849         0.0000         0.0000    117971.4152        -464439.4752       310.3248   -582410.8904   -464348.4008       309.7709            -67.0039        32.0641   1832149.3293         3.7604         3.8084

WRITING EXTENDED SYSTEM TO RESTART FILE AT STEP 200000
LDB: ============= START OF LOAD BALANCING ============== 24882
LDB: ============== END OF LOAD BALANCING =============== 24882
Info: useSync: 0 useProxySync: 0
LDB: =============== DONE WITH MIGRATION ================ 24882
LDB: ============= START OF LOAD BALANCING ============== 24894.5
LDB: Largest compute 430 load 0.320265 is 2.6% of average load 12.196986
LDB: Average compute 0.040389 is 0.3% of average load 12.196986
LDB: TIME 24894.5 LOAD: AVG 12.197 MAX 12.4426  PROXIES: TOTAL 763 MAXPE 33 MAXPATCH 5 None MEM: 1871.33 MB
LDB: TIME 24894.5 LOAD: AVG 12.197 MAX 12.4426  PROXIES: TOTAL 767 MAXPE 34 MAXPATCH 5 RefineTorusLB MEM: 1871.33 MB
LDB: TIME 24894.5 LOAD: AVG 12.197 MAX 12.3636  PROXIES: TOTAL 767 MAXPE 34 MAXPATCH 5 RefineTorusLB MEM: 1871.33 MB
LDB: ============== END OF LOAD BALANCING =============== 24894.5
Info: useSync: 0 useProxySync: 0
LDB: =============== DONE WITH MIGRATION ================ 24894.5
WRITING COORDINATES TO DCD FILE output/txn_equil.dcd AT STEP 201000
TIMING: 201000  CPU: 24893.8, 0.12408/step  Wall: 24957.2, 0.124345/step, 3.41949 hours remaining, 1871.332031 MB of memory in use.
ENERGY:  201000      4355.8683     12077.0858     13413.7539       697.2201        -665037.2481     51810.2323         0.0000         0.0000    118319.4953        -464363.5925       311.2405   -582683.0877   -464252.3729       309.1065            -33.8660        54.0747   1832004.4397        -1.5696        -1.6844

WRITING COORDINATES TO DCD FILE output/txn_equil.dcd AT STEP 202000
TIMING: 202000  CPU: 25018.3, 0.12442/step  Wall: 25081.8, 0.124564/step, 3.39091 hours remaining, 1871.332031 MB of memory in use.
ENERGY:  202000      4294.6973     12079.6914     13506.2205       769.1615        -663970.4090     51568.8360         0.0000         0.0000    117570.3034        -464181.4989       309.2697   -581751.8023   -464091.4371       309.7795            -21.7183        62.6358   1834571.3723         4.3549         4.3615

WRITING COORDINATES TO DCD FILE output/txn_equil.dcd AT STEP 203000
TIMING: 203000  CPU: 25142.4, 0.12417/step  Wall: 25206.1, 0.124312/step, 3.34952 hours remaining, 1871.332031 MB of memory in use.
ENERGY:  203000      4224.5292     12105.0962     13558.5011       745.8864        -663657.1535     51565.4668         0.0000         0.0000    117416.8062        -464040.8676       308.8659   -581457.6737   -463934.0190       309.1646            -23.3820        68.2181   1834055.8249         2.0504         2.3128

WRITING COORDINATES TO DCD FILE output/txn_equil.dcd AT STEP 204000
TIMING: 204000  CPU: 25266.4, 0.12396/step  Wall: 25330.2, 0.124101/step, 3.30936 hours remaining, 1871.332031 MB of memory in use.
ENERGY:  204000      4451.2287     12278.6970     13436.6680       737.0601        -663902.3524     51365.7499         0.0000         0.0000    117621.8892        -464011.0596       309.4054   -581632.9487   -463909.9735       309.7955           -126.8045       -28.2017   1834091.1327         0.4470         0.4223

LDB: ============= START OF LOAD BALANCING ============== 25379.2
LDB: ============== END OF LOAD BALANCING =============== 25379.2
Info: useSync: 0 useProxySync: 0
LDB: =============== DONE WITH MIGRATION ================ 25379.2
LDB: ============= START OF LOAD BALANCING ============== 25391.6
LDB: Largest compute 550 load 0.320708 is 2.6% of average load 12.209200
LDB: Average compute 0.040401 is 0.3% of average load 12.209200
LDB: TIME 25391.6 LOAD: AVG 12.2092 MAX 12.4284  PROXIES: TOTAL 763 MAXPE 33 MAXPATCH 5 None MEM: 1871.33 MB
LDB: TIME 25391.6 LOAD: AVG 12.2092 MAX 12.4284  PROXIES: TOTAL 767 MAXPE 34 MAXPATCH 5 RefineTorusLB MEM: 1871.33 MB
LDB: TIME 25391.6 LOAD: AVG 12.2092 MAX 12.3755  PROXIES: TOTAL 767 MAXPE 34 MAXPATCH 5 RefineTorusLB MEM: 1871.33 MB
LDB: ============== END OF LOAD BALANCING =============== 25391.6
Info: useSync: 0 useProxySync: 0
LDB: =============== DONE WITH MIGRATION ================ 25391.6
WRITING COORDINATES TO DCD FILE output/txn_equil.dcd AT STEP 205000
TIMING: 205000  CPU: 25390.5, 0.12412/step  Wall: 25454.5, 0.124261/step, 3.2791 hours remaining, 1871.332031 MB of memory in use.
ENERGY:  205000      4328.5345     11966.0627     13500.1150       746.3073        -664427.8429     51635.0304         0.0000         0.0000    117728.1429        -464523.6500       309.6849   -582251.7929   -464417.7622       309.7222           -101.0767       -14.0063   1833536.5500        -5.5735        -5.5942

WRITING COORDINATES TO DCD FILE output/txn_equil.dcd AT STEP 206000
TIMING: 206000  CPU: 25514.6, 0.12409/step  Wall: 25578.7, 0.124237/step, 3.24396 hours remaining, 1871.332031 MB of memory in use.
ENERGY:  206000      4286.6287     12181.0121     13467.3478       732.4320        -664451.6290     51858.3086         0.0000         0.0000    118194.8866        -463731.0132       310.9127   -581925.8998   -463624.1803       309.5199            -28.9548        62.4491   1835820.1097         1.2325         1.2637

WRITING COORDINATES TO DCD FILE output/txn_equil.dcd AT STEP 207000
TIMING: 207000  CPU: 25638.7, 0.12405/step  Wall: 25702.9, 0.1242/step, 3.2085 hours remaining, 1871.332031 MB of memory in use.
ENERGY:  207000      4321.0461     12031.2651     13491.6512       722.5687        -663679.1266     51524.8229         0.0000         0.0000    117413.0514        -464174.7211       308.8561   -581587.7725   -464081.2378       309.9871           -118.4712       -24.3887   1835634.8366         4.8229         4.8084

WRITING COORDINATES TO DCD FILE output/txn_equil.dcd AT STEP 208000
TIMING: 208000  CPU: 25763, 0.12434/step  Wall: 25827.4, 0.124493/step, 3.1815 hours remaining, 1871.332031 MB of memory in use.
ENERGY:  208000      4262.2716     12051.5851     13453.4145       724.0492        -663578.7484     51532.9878         0.0000         0.0000    117828.9279        -463725.5124       309.9500   -581554.4403   -463606.9243       309.8290            -23.8689        68.6186   1837744.4109        -0.5450        -0.5856

LDB: ============= START OF LOAD BALANCING ============== 25876.4
LDB: ============== END OF LOAD BALANCING =============== 25876.4
Info: useSync: 0 useProxySync: 0
LDB: =============== DONE WITH MIGRATION ================ 25876.4
LDB: ============= START OF LOAD BALANCING ============== 25888.8
LDB: Largest compute 430 load 0.349234 is 2.9% of average load 12.182557
LDB: Average compute 0.040351 is 0.3% of average load 12.182557
LDB: TIME 25888.9 LOAD: AVG 12.1826 MAX 12.421  PROXIES: TOTAL 763 MAXPE 33 MAXPATCH 5 None MEM: 1871.33 MB
LDB: TIME 25888.9 LOAD: AVG 12.1826 MAX 12.421  PROXIES: TOTAL 767 MAXPE 34 MAXPATCH 5 RefineTorusLB MEM: 1871.33 MB
LDB: TIME 25888.9 LOAD: AVG 12.1826 MAX 12.3473  PROXIES: TOTAL 767 MAXPE 34 MAXPATCH 5 RefineTorusLB MEM: 1871.33 MB
LDB: ============== END OF LOAD BALANCING =============== 25888.9
Info: useSync: 0 useProxySync: 0
LDB: =============== DONE WITH MIGRATION ================ 25888.9
WRITING COORDINATES TO DCD FILE output/txn_equil.dcd AT STEP 209000
TIMING: 209000  CPU: 25887, 0.12403/step  Wall: 25951.6, 0.124173/step, 3.13882 hours remaining, 1871.332031 MB of memory in use.
ENERGY:  209000      4350.9022     12145.8887     13489.4552       733.6021        -663319.9647     51220.6982         0.0000         0.0000    117946.7589        -463432.6596       310.2600   -581379.4185   -463344.6496       310.0275           -147.1499       -53.3996   1835717.2655         3.3949         3.4852

TIMING: 210000  CPU: 26011, 0.12401/step  Wall: 26075.7, 0.124156/step, 3.10389 hours remaining, 1871.332031 MB of memory in use.
ETITLE:      TS           BOND          ANGLE          DIHED          IMPRP               ELECT            VDW       BOUNDARY           MISC        KINETIC               TOTAL           TEMP      POTENTIAL         TOTAL3        TEMPAVG            PRESSURE      GPRESSURE         VOLUME       PRESSAVG      GPRESSAVG

ENERGY:  210000      4304.6142     12018.6477     13503.2921       737.6142        -664217.8527     51849.5204         0.0000         0.0000    118194.8386        -463609.3255       310.9126   -581804.1641   -463496.4552       310.2919            -81.9418         3.5743   1837644.1376        -2.5392        -2.5308

WRITING EXTENDED SYSTEM TO RESTART FILE AT STEP 210000
WRITING COORDINATES TO DCD FILE output/txn_equil.dcd AT STEP 210000
WRITING COORDINATES TO RESTART FILE AT STEP 210000
FINISHED WRITING RESTART COORDINATES
WRITING VELOCITIES TO RESTART FILE AT STEP 210000
FINISHED WRITING RESTART VELOCITIES
TIMING: 211000  CPU: 26135.1, 0.12408/step  Wall: 26201.7, 0.125987/step, 3.11468 hours remaining, 1871.332031 MB of memory in use.
ENERGY:  211000      4267.8328     12023.8340     13468.9550       743.6629        -663148.5903     51278.8822         0.0000         0.0000    117717.4415        -463647.9819       309.6568   -581365.4234   -463544.8083       310.2059           -202.1125      -110.9240   1837781.9346         1.9696         1.8643

WRITING COORDINATES TO DCD FILE output/txn_equil.dcd AT STEP 211000
TIMING: 212000  CPU: 26259, 0.12385/step  Wall: 26325.7, 0.12399/step, 3.03087 hours remaining, 1871.332031 MB of memory in use.
ENERGY:  212000      4369.3135     11983.9883     13499.6158       772.6486        -663601.0974     52102.3455         0.0000         0.0000    118113.3825        -462759.8032       310.6983   -580873.1858   -462668.6761       310.5352            -74.6247        19.4763   1840619.2458         2.1581         2.2242

WRITING COORDINATES TO DCD FILE output/txn_equil.dcd AT STEP 212000
LDB: ============= START OF LOAD BALANCING ============== 26374.5
LDB: ============== END OF LOAD BALANCING =============== 26374.5
Info: useSync: 0 useProxySync: 0
LDB: =============== DONE WITH MIGRATION ================ 26374.5
LDB: ============= START OF LOAD BALANCING ============== 26386.9
LDB: Largest compute 550 load 0.322904 is 2.7% of average load 12.169343
LDB: Average compute 0.040284 is 0.3% of average load 12.169343
LDB: TIME 26386.9 LOAD: AVG 12.1693 MAX 12.3683  PROXIES: TOTAL 763 MAXPE 33 MAXPATCH 5 None MEM: 1871.33 MB
LDB: TIME 26386.9 LOAD: AVG 12.1693 MAX 12.3683  PROXIES: TOTAL 767 MAXPE 34 MAXPATCH 5 RefineTorusLB MEM: 1871.33 MB
LDB: TIME 26386.9 LOAD: AVG 12.1693 MAX 12.3343  PROXIES: TOTAL 767 MAXPE 34 MAXPATCH 5 RefineTorusLB MEM: 1871.33 MB
LDB: ============== END OF LOAD BALANCING =============== 26386.9
Info: useSync: 0 useProxySync: 0
LDB: =============== DONE WITH MIGRATION ================ 26386.9
WRITING COORDINATES TO DCD FILE output/txn_equil.dcd AT STEP 213000
TIMING: 213000  CPU: 26382.7, 0.12375/step  Wall: 26449.6, 0.123893/step, 2.99408 hours remaining, 1871.332031 MB of memory in use.
ENERGY:  213000      4353.7471     11962.2055     13509.9263       756.4750        -663753.5943     51589.3020         0.0000         0.0000    117901.7819        -463680.1567       310.1417   -581581.9385   -463549.5999       310.1876            -62.3338        29.4246   1836196.2926        -4.4068        -4.4318

WRITING COORDINATES TO DCD FILE output/txn_equil.dcd AT STEP 214000
TIMING: 214000  CPU: 26506.7, 0.12395/step  Wall: 26573.7, 0.124085/step, 2.96425 hours remaining, 1871.332031 MB of memory in use.
ENERGY:  214000      4243.5096     12082.3282     13425.3833       737.9646        -664113.5233     51550.8099         0.0000         0.0000    117669.0631        -464404.4646       309.5295   -582073.5278   -464314.2192       310.0745            -84.7382        14.8725   1833793.6683        -2.9649        -2.9853

WRITING COORDINATES TO DCD FILE output/txn_equil.dcd AT STEP 215000
TIMING: 215000  CPU: 26630.5, 0.1238/step  Wall: 26697.6, 0.123952/step, 2.92664 hours remaining, 1871.332031 MB of memory in use.
ENERGY:  215000      4250.3348     12169.8737     13493.9178       730.2448        -663583.2488     51406.0092         0.0000         0.0000    118318.2680        -463214.6006       311.2372   -581532.8686   -463094.9533       310.3703            -59.9348        29.9243   1837605.6177        -0.3048        -0.2820

WRITING COORDINATES TO DCD FILE output/txn_equil.dcd AT STEP 216000
TIMING: 216000  CPU: 26754.3, 0.12383/step  Wall: 26821.6, 0.123966/step, 2.89254 hours remaining, 1871.332031 MB of memory in use.
ENERGY:  216000      4347.2761     12195.0127     13462.9894       783.3781        -664544.8110     52131.6535         0.0000         0.0000    117926.2287        -463698.2726       310.2060   -581624.5012   -463586.8512       310.1988             27.2962       123.7011   1836626.6052        -2.9024        -2.8568

LDB: ============= START OF LOAD BALANCING ============== 26870.5
LDB: ============== END OF LOAD BALANCING =============== 26870.5
Info: useSync: 0 useProxySync: 0
LDB: =============== DONE WITH MIGRATION ================ 26870.5
LDB: ============= START OF LOAD BALANCING ============== 26882.9
LDB: Largest compute 557 load 0.325822 is 2.7% of average load 12.198125
LDB: Average compute 0.040349 is 0.3% of average load 12.198125
LDB: TIME 26882.9 LOAD: AVG 12.1981 MAX 12.3869  PROXIES: TOTAL 763 MAXPE 33 MAXPATCH 5 None MEM: 1871.33 MB
LDB: TIME 26882.9 LOAD: AVG 12.1981 MAX 12.3869  PROXIES: TOTAL 767 MAXPE 34 MAXPATCH 5 RefineTorusLB MEM: 1871.33 MB
LDB: TIME 26882.9 LOAD: AVG 12.1981 MAX 12.3644  PROXIES: TOTAL 767 MAXPE 34 MAXPATCH 5 RefineTorusLB MEM: 1871.33 MB
LDB: ============== END OF LOAD BALANCING =============== 26882.9
Info: useSync: 0 useProxySync: 0
LDB: =============== DONE WITH MIGRATION ================ 26882.9
WRITING COORDINATES TO DCD FILE output/txn_equil.dcd AT STEP 217000
TIMING: 217000  CPU: 26878, 0.12368/step  Wall: 26945.4, 0.123824/step, 2.85483 hours remaining, 1871.332031 MB of memory in use.
ENERGY:  217000      4309.7598     12168.8756     13408.9112       749.5016        -663898.8548     51512.6040         0.0000         0.0000    117251.6141        -464497.5884       308.4314   -581749.2025   -464384.8687       309.7890           -156.7873       -67.3629   1834928.4645        -4.2646        -4.3420

WRITING COORDINATES TO DCD FILE output/txn_equil.dcd AT STEP 218000
TIMING: 218000  CPU: 27001.8, 0.12378/step  Wall: 27069.3, 0.123929/step, 2.82282 hours remaining, 1871.332031 MB of memory in use.
ENERGY:  218000      4364.8463     12123.7657     13538.0291       754.9954        -665093.2278     52249.2822         0.0000         0.0000    117704.6255        -464357.6835       309.6230   -582062.3089   -464254.9065       309.8650            -64.3010        21.8138   1836372.5034        -1.4926        -1.3695

TIMING: 219000  CPU: 27125.7, 0.12393/step  Wall: 27193.4, 0.124081/step, 2.79183 hours remaining, 1871.332031 MB of memory in use.
ENERGY:  219000      4330.2054     12043.7922     13439.9189       781.7718        -664447.5580     51872.1049         0.0000         0.0000    117498.5046        -464481.2602       309.0808   -581979.7648   -464382.6715       309.6252            -34.6051        59.9935   1836313.6112        -3.2682        -3.2019

WRITING COORDINATES TO DCD FILE output/txn_equil.dcd AT STEP 219000
TIMING: 220000  CPU: 27250, 0.12427/step  Wall: 27317.8, 0.124413/step, 2.76474 hours remaining, 1871.332031 MB of memory in use.
ETITLE:      TS           BOND          ANGLE          DIHED          IMPRP               ELECT            VDW       BOUNDARY           MISC        KINETIC               TOTAL           TEMP      POTENTIAL         TOTAL3        TEMPAVG            PRESSURE      GPRESSURE         VOLUME       PRESSAVG      GPRESSAVG

ENERGY:  220000      4290.1930     11953.7084     13412.4429       763.4606        -663876.9885     51701.7773         0.0000         0.0000    117307.5781        -464447.8281       308.5786   -581755.4062   -464336.9809       309.5302           -149.9513       -60.3917   1837805.3284        -0.6682        -0.6186

WRITING EXTENDED SYSTEM TO RESTART FILE AT STEP 220000
WRITING COORDINATES TO DCD FILE output/txn_equil.dcd AT STEP 220000
WRITING COORDINATES TO RESTART FILE AT STEP 220000
FINISHED WRITING RESTART COORDINATES
WRITING VELOCITIES TO RESTART FILE AT STEP 220000
FINISHED WRITING RESTART VELOCITIES
LDB: ============= START OF LOAD BALANCING ============== 27369.4
LDB: ============== END OF LOAD BALANCING =============== 27369.4
Info: useSync: 0 useProxySync: 0
LDB: =============== DONE WITH MIGRATION ================ 27369.4
LDB: ============= START OF LOAD BALANCING ============== 27381.8
LDB: Largest compute 562 load 0.327405 is 2.7% of average load 12.196332
LDB: Average compute 0.040357 is 0.3% of average load 12.196332
LDB: TIME 27381.8 LOAD: AVG 12.1963 MAX 12.4309  PROXIES: TOTAL 763 MAXPE 33 MAXPATCH 5 None MEM: 1871.33 MB
LDB: TIME 27381.8 LOAD: AVG 12.1963 MAX 12.4309  PROXIES: TOTAL 767 MAXPE 34 MAXPATCH 5 RefineTorusLB MEM: 1871.33 MB
LDB: TIME 27381.8 LOAD: AVG 12.1963 MAX 12.3521  PROXIES: TOTAL 767 MAXPE 34 MAXPATCH 5 RefineTorusLB MEM: 1871.33 MB
LDB: ============== END OF LOAD BALANCING =============== 27381.8
Info: useSync: 0 useProxySync: 0
LDB: =============== DONE WITH MIGRATION ================ 27381.8
WRITING COORDINATES TO DCD FILE output/txn_equil.dcd AT STEP 221000
TIMING: 221000  CPU: 27373.9, 0.12399/step  Wall: 27444.4, 0.126531/step, 2.77666 hours remaining, 1871.332031 MB of memory in use.
ENERGY:  221000      4364.9656     12246.6528     13401.1642       743.5224        -663889.9987     51599.0069         0.0000         0.0000    117947.3218        -463587.3650       310.2615   -581534.6868   -463488.6394       310.1011           -115.3101       -28.8281   1837257.5555         6.2535         6.0816

WRITING COORDINATES TO DCD FILE output/txn_equil.dcd AT STEP 222000
TIMING: 222000  CPU: 27497.7, 0.12379/step  Wall: 27568.3, 0.12394/step, 2.68537 hours remaining, 1871.332031 MB of memory in use.
ENERGY:  222000      4332.5059     12063.9479     13311.9252       745.5899        -664115.1724     51696.9823         0.0000         0.0000    117664.6984        -464299.5229       309.5180   -581964.2212   -464207.2563       310.2717            -49.1860        39.6072   1834440.5726        -3.3821        -3.4002

TIMING: 223000  CPU: 27623.4, 0.12566/step  Wall: 27694.1, 0.125818/step, 2.6911 hours remaining, 1871.332031 MB of memory in use.
ENERGY:  223000      4299.5655     12058.7814     13396.0263       743.7625        -664577.1282     52104.9272         0.0000         0.0000    117763.3470        -464210.7183       309.7775   -581974.0652   -464123.0083       310.0004            -56.6031        27.3800   1835045.7301         0.5843         0.6136

WRITING COORDINATES TO DCD FILE output/txn_equil.dcd AT STEP 223000
TIMING: 224000  CPU: 27748.3, 0.12491/step  Wall: 27819.2, 0.125051/step, 2.63997 hours remaining, 1871.332031 MB of memory in use.
ENERGY:  224000      4217.5290     12198.3346     13421.7693       742.2515        -665096.4609     52392.9881         0.0000         0.0000    117725.4180        -464398.1705       309.6777   -582123.5885   -464302.6185       309.7646             88.6551       181.0278   1832873.5784         0.8445         0.8419

WRITING COORDINATES TO DCD FILE output/txn_equil.dcd AT STEP 224000
LDB: ============= START OF LOAD BALANCING ============== 27868.4
LDB: ============== END OF LOAD BALANCING =============== 27868.4
Info: useSync: 0 useProxySync: 0
LDB: =============== DONE WITH MIGRATION ================ 27868.4
LDB: ============= START OF LOAD BALANCING ============== 27880.9
LDB: Largest compute 557 load 0.321163 is 2.6% of average load 12.225958
LDB: Average compute 0.040429 is 0.3% of average load 12.225958
LDB: TIME 27880.9 LOAD: AVG 12.226 MAX 12.5626  PROXIES: TOTAL 763 MAXPE 33 MAXPATCH 5 None MEM: 1871.33 MB
LDB: TIME 27880.9 LOAD: AVG 12.226 MAX 12.5626  PROXIES: TOTAL 767 MAXPE 34 MAXPATCH 5 RefineTorusLB MEM: 1871.33 MB
LDB: TIME 27880.9 LOAD: AVG 12.226 MAX 12.3559  PROXIES: TOTAL 767 MAXPE 34 MAXPATCH 5 RefineTorusLB MEM: 1871.33 MB
LDB: ============== END OF LOAD BALANCING =============== 27880.9
Info: useSync: 0 useProxySync: 0
LDB: =============== DONE WITH MIGRATION ================ 27880.9
TIMING: 225000  CPU: 27872.9, 0.12461/step  Wall: 27943.9, 0.124748/step, 2.59891 hours remaining, 1871.332031 MB of memory in use.
ENERGY:  225000      4337.2217     12156.9960     13420.1461       754.6279        -664038.4492     51850.3285         0.0000         0.0000    117677.2295        -463841.8996       309.5510   -581519.1291   -463728.6536       309.5491            -66.5411        21.8732   1837436.8464         7.4452         7.4972

WRITING COORDINATES TO DCD FILE output/txn_equil.dcd AT STEP 225000
TIMING: 226000  CPU: 27997.2, 0.12424/step  Wall: 28068.3, 0.1244/step, 2.55711 hours remaining, 1871.332031 MB of memory in use.
ENERGY:  226000      4349.7750     11989.4846     13513.0869       725.3010        -663581.6852     51186.4571         0.0000         0.0000    118049.6552        -463767.9254       310.5306   -581817.5806   -463667.4394       309.8118           -219.7275      -134.1877   1839601.1137         3.1584         3.0427

WRITING COORDINATES TO DCD FILE output/txn_equil.dcd AT STEP 226000
WRITING COORDINATES TO DCD FILE output/txn_equil.dcd AT STEP 227000
TIMING: 227000  CPU: 28121, 0.12384/step  Wall: 28192.3, 0.123982/step, 2.51409 hours remaining, 1871.332031 MB of memory in use.
ENERGY:  227000      4290.2014     11967.4416     13428.7451       737.2253        -663831.8526     51485.6656         0.0000         0.0000    117500.9315        -464421.6421       309.0872   -581922.5736   -464310.9489       309.7317           -143.7346       -54.4144   1837260.3781        -1.5624        -1.5888

WRITING COORDINATES TO DCD FILE output/txn_equil.dcd AT STEP 228000
TIMING: 228000  CPU: 28245, 0.12403/step  Wall: 28316.5, 0.124171/step, 2.48342 hours remaining, 1871.332031 MB of memory in use.
ENERGY:  228000      4313.2766     12135.9143     13406.0203       775.2444        -664732.3582     52104.7198         0.0000         0.0000    117613.1146        -464384.0682       309.3823   -581997.1828   -464288.9872       309.4611             39.4016       126.0818   1831245.2554         3.4829         3.5668

LDB: ============= START OF LOAD BALANCING ============== 28365.4
LDB: ============== END OF LOAD BALANCING =============== 28365.4
Info: useSync: 0 useProxySync: 0
LDB: =============== DONE WITH MIGRATION ================ 28365.4
LDB: ============= START OF LOAD BALANCING ============== 28377.9
LDB: Largest compute 452 load 0.333261 is 2.7% of average load 12.241508
LDB: Average compute 0.040473 is 0.3% of average load 12.241508
LDB: TIME 28377.9 LOAD: AVG 12.2415 MAX 12.4515  PROXIES: TOTAL 763 MAXPE 33 MAXPATCH 5 None MEM: 1871.33 MB
LDB: TIME 28377.9 LOAD: AVG 12.2415 MAX 12.4515  PROXIES: TOTAL 767 MAXPE 34 MAXPATCH 5 RefineTorusLB MEM: 1871.33 MB
LDB: TIME 28377.9 LOAD: AVG 12.2415 MAX 12.3568  PROXIES: TOTAL 767 MAXPE 34 MAXPATCH 5 RefineTorusLB MEM: 1871.33 MB
LDB: ============== END OF LOAD BALANCING =============== 28377.9
Info: useSync: 0 useProxySync: 0
LDB: =============== DONE WITH MIGRATION ================ 28377.9
WRITING COORDINATES TO DCD FILE output/txn_equil.dcd AT STEP 229000
TIMING: 229000  CPU: 28369.1, 0.12408/step  Wall: 28440.7, 0.124231/step, 2.45012 hours remaining, 1871.332031 MB of memory in use.
ENERGY:  229000      4333.8257     12114.8785     13365.5991       749.8228        -663962.6915     51971.3819         0.0000         0.0000    117824.8690        -463602.3146       309.9393   -581427.1836   -463512.6119       309.8508            -22.2892        68.3516   1837922.4424        -6.8802        -6.8708

WRITING COORDINATES TO DCD FILE output/txn_equil.dcd AT STEP 230000
WRITING COORDINATES TO RESTART FILE AT STEP 230000
FINISHED WRITING RESTART COORDINATES
WRITING VELOCITIES TO RESTART FILE AT STEP 230000
FINISHED WRITING RESTART VELOCITIES
TIMING: 230000  CPU: 28493.1, 0.12398/step  Wall: 28566.3, 0.125622/step, 2.44266 hours remaining, 1871.332031 MB of memory in use.
ETITLE:      TS           BOND          ANGLE          DIHED          IMPRP               ELECT            VDW       BOUNDARY           MISC        KINETIC               TOTAL           TEMP      POTENTIAL         TOTAL3        TEMPAVG            PRESSURE      GPRESSURE         VOLUME       PRESSAVG      GPRESSAVG

ENERGY:  230000      4287.4497     12226.2498     13458.7555       757.1167        -663866.2026     51244.6760         0.0000         0.0000    117744.4637        -464147.4912       309.7278   -581891.9549   -464049.7195       310.0172           -133.1754       -41.7232   1835555.4773         4.3588         4.4692

WRITING EXTENDED SYSTEM TO RESTART FILE AT STEP 230000
WRITING COORDINATES TO DCD FILE output/txn_equil.dcd AT STEP 231000
TIMING: 231000  CPU: 28618.1, 0.12506/step  Wall: 28691.7, 0.125339/step, 2.40233 hours remaining, 1871.332031 MB of memory in use.
ENERGY:  231000      4359.5942     12229.2635     13427.0555       771.8796        -664454.9032     51657.5072         0.0000         0.0000    117899.7230        -464109.8802       310.1362   -582009.6033   -463993.5822       310.1364           -119.9702       -33.4982   1834979.2689         1.9049         2.0853

WRITING COORDINATES TO DCD FILE output/txn_equil.dcd AT STEP 232000
TIMING: 232000  CPU: 28742.8, 0.12467/step  Wall: 28816.5, 0.12482/step, 2.35772 hours remaining, 1871.332031 MB of memory in use.
ENERGY:  232000      4396.1766     12169.3351     13471.6623       724.0874        -663966.9572     51675.0274         0.0000         0.0000    117328.8787        -464201.7898       308.6346   -581530.6685   -464105.6988       309.7666            -68.8992        23.7505   1839138.6123        -3.6083        -3.4985

LDB: ============= START OF LOAD BALANCING ============== 28865.6
LDB: ============== END OF LOAD BALANCING =============== 28865.6
Info: useSync: 0 useProxySync: 0
LDB: =============== DONE WITH MIGRATION ================ 28865.6
LDB: ============= START OF LOAD BALANCING ============== 28878.2
LDB: Largest compute 557 load 0.329211 is 2.7% of average load 12.260498
LDB: Average compute 0.040449 is 0.3% of average load 12.260498
LDB: TIME 28878.2 LOAD: AVG 12.2605 MAX 12.504  PROXIES: TOTAL 763 MAXPE 33 MAXPATCH 5 None MEM: 1871.33 MB
LDB: TIME 28878.2 LOAD: AVG 12.2605 MAX 12.504  PROXIES: TOTAL 767 MAXPE 34 MAXPATCH 5 RefineTorusLB MEM: 1871.33 MB
LDB: TIME 28878.2 LOAD: AVG 12.2605 MAX 12.4213  PROXIES: TOTAL 767 MAXPE 34 MAXPATCH 5 RefineTorusLB MEM: 1871.33 MB
LDB: ============== END OF LOAD BALANCING =============== 28878.2
Info: useSync: 0 useProxySync: 0
LDB: =============== DONE WITH MIGRATION ================ 28878.2
WRITING COORDINATES TO DCD FILE output/txn_equil.dcd AT STEP 233000
TIMING: 233000  CPU: 28867.4, 0.12456/step  Wall: 28941.2, 0.124708/step, 2.32096 hours remaining, 1871.332031 MB of memory in use.
ENERGY:  233000      4325.5422     12019.1402     13501.0203       727.2514        -664734.2285     52053.2067         0.0000         0.0000    117494.8223        -464613.2454       309.0712   -582108.0677   -464500.1262       309.5455            -14.6753        78.8064   1832537.6098        -0.2096        -0.1263

WRITING COORDINATES TO DCD FILE output/txn_equil.dcd AT STEP 234000
TIMING: 234000  CPU: 28992.2, 0.12478/step  Wall: 29066.1, 0.12492/step, 2.2902 hours remaining, 1871.332031 MB of memory in use.
ENERGY:  234000      4330.2026     12078.0001     13427.4668       760.9724        -664260.2883     51508.8255         0.0000         0.0000    117811.6339        -464343.1871       309.9045   -582154.8209   -464236.3785       309.3868           -193.5932       -96.1389   1839359.1475         4.8193         4.5930

WRITING COORDINATES TO DCD FILE output/txn_equil.dcd AT STEP 235000
TIMING: 235000  CPU: 29116.9, 0.12475/step  Wall: 29191, 0.124899/step, 2.25512 hours remaining, 1871.332031 MB of memory in use.
ENERGY:  235000      4317.4179     12036.5804     13456.9379       737.5199        -664154.3372     51703.2922         0.0000         0.0000    117295.7202        -464606.8687       308.5474   -581902.5888   -464503.1269       309.3962            -70.8599        24.2502   1836542.7173        -2.5607        -2.6436

WRITING COORDINATES TO DCD FILE output/txn_equil.dcd AT STEP 236000
TIMING: 236000  CPU: 29242.2, 0.12531/step  Wall: 29316.5, 0.125461/step, 2.23042 hours remaining, 1871.332031 MB of memory in use.
ENERGY:  236000      4352.5974     12071.0938     13439.2557       737.3068        -664805.7952     52168.6362         0.0000         0.0000    117736.7423        -464300.1630       309.7075   -582036.9053   -464221.3009       309.3694            -87.9536         4.4743   1837955.6716        -2.6601        -2.7574

LDB: ============= START OF LOAD BALANCING ============== 29365.9
LDB: ============== END OF LOAD BALANCING =============== 29365.9
Info: useSync: 0 useProxySync: 0
LDB: =============== DONE WITH MIGRATION ================ 29365.9
LDB: ============= START OF LOAD BALANCING ============== 29378.5
LDB: Largest compute 452 load 0.347683 is 2.8% of average load 12.244931
LDB: Average compute 0.040450 is 0.3% of average load 12.244931
LDB: TIME 29378.5 LOAD: AVG 12.2449 MAX 12.5668  PROXIES: TOTAL 763 MAXPE 33 MAXPATCH 5 None MEM: 1871.33 MB
LDB: TIME 29378.5 LOAD: AVG 12.2449 MAX 12.5668  PROXIES: TOTAL 767 MAXPE 34 MAXPATCH 5 RefineTorusLB MEM: 1871.33 MB
LDB: TIME 29378.5 LOAD: AVG 12.2449 MAX 12.388  PROXIES: TOTAL 767 MAXPE 34 MAXPATCH 5 RefineTorusLB MEM: 1871.33 MB
LDB: ============== END OF LOAD BALANCING =============== 29378.5
Info: useSync: 0 useProxySync: 0
LDB: =============== DONE WITH MIGRATION ================ 29378.5
WRITING COORDINATES TO DCD FILE output/txn_equil.dcd AT STEP 237000
TIMING: 237000  CPU: 29367.2, 0.12501/step  Wall: 29441.7, 0.125173/step, 2.19053 hours remaining, 1871.332031 MB of memory in use.
ENERGY:  237000      4330.4046     12124.4760     13474.5812       742.2759        -664747.4745     52229.0807         0.0000         0.0000    117667.0585        -464179.5976       309.5242   -581846.6561   -464056.6701       310.0300            -30.6530        60.4070   1835513.0206        -0.1016        -0.1457

TIMING: 238000  CPU: 29492, 0.12482/step  Wall: 29566.6, 0.124966/step, 2.15218 hours remaining, 1871.332031 MB of memory in use.
ENERGY:  238000      4320.0302     12182.8339     13407.6783       738.5272        -664458.2870     51516.4989         0.0000         0.0000    117729.8238        -464562.8946       309.6893   -582292.7184   -464455.5423       309.6423            -80.6301         8.8713   1834744.7560         2.0269         1.9016

WRITING COORDINATES TO DCD FILE output/txn_equil.dcd AT STEP 238000
WRITING COORDINATES TO DCD FILE output/txn_equil.dcd AT STEP 239000
TIMING: 239000  CPU: 29617.6, 0.12554/step  Wall: 29692.3, 0.125687/step, 2.1297 hours remaining, 1871.332031 MB of memory in use.
ENERGY:  239000      4358.9918     12250.6327     13399.3123       746.6060        -664356.5335     51957.3470         0.0000         0.0000    117827.7474        -463815.8963       309.9469   -581643.6437   -463713.3655       309.5994            -71.6934        21.6302   1833197.2221         3.4112         3.6478

WRITING COORDINATES TO DCD FILE output/txn_equil.dcd AT STEP 240000
WRITING COORDINATES TO RESTART FILE AT STEP 240000
FINISHED WRITING RESTART COORDINATES
WRITING VELOCITIES TO RESTART FILE AT STEP 240000
FINISHED WRITING RESTART VELOCITIES
TIMING: 240000  CPU: 29742.3, 0.12475/step  Wall: 29818.4, 0.126121/step, 2.10202 hours remaining, 1871.332031 MB of memory in use.
ETITLE:      TS           BOND          ANGLE          DIHED          IMPRP               ELECT            VDW       BOUNDARY           MISC        KINETIC               TOTAL           TEMP      POTENTIAL         TOTAL3        TEMPAVG            PRESSURE      GPRESSURE         VOLUME       PRESSAVG      GPRESSAVG

ENERGY:  240000      4293.0892     11995.7098     13442.0586       689.9222        -664551.9788     51582.7444         0.0000         0.0000    118151.8664        -464396.5881       310.7995   -582548.4545   -464295.2542       310.0828           -122.6593       -32.7323   1833744.6252         6.4180         6.3858

WRITING EXTENDED SYSTEM TO RESTART FILE AT STEP 240000
LDB: ============= START OF LOAD BALANCING ============== 29867.6
LDB: ============== END OF LOAD BALANCING =============== 29867.6
Info: useSync: 0 useProxySync: 0
LDB: =============== DONE WITH MIGRATION ================ 29867.6
LDB: ============= START OF LOAD BALANCING ============== 29880.1
LDB: Largest compute 557 load 0.330367 is 2.7% of average load 12.257881
LDB: Average compute 0.040456 is 0.3% of average load 12.257881
LDB: TIME 29880.1 LOAD: AVG 12.2579 MAX 12.4299  PROXIES: TOTAL 763 MAXPE 33 MAXPATCH 5 None MEM: 1871.33 MB
LDB: TIME 29880.1 LOAD: AVG 12.2579 MAX 12.4299  PROXIES: TOTAL 767 MAXPE 34 MAXPATCH 5 RefineTorusLB MEM: 1871.33 MB
LDB: TIME 29880.1 LOAD: AVG 12.2579 MAX 12.4256  PROXIES: TOTAL 767 MAXPE 34 MAXPATCH 5 RefineTorusLB MEM: 1871.33 MB
LDB: ============== END OF LOAD BALANCING =============== 29880.1
Info: useSync: 0 useProxySync: 0
LDB: =============== DONE WITH MIGRATION ================ 29880.1
WRITING COORDINATES TO DCD FILE output/txn_equil.dcd AT STEP 241000
TIMING: 241000  CPU: 29866.6, 0.1243/step  Wall: 29943, 0.124572/step, 2.04159 hours remaining, 1871.332031 MB of memory in use.
ENERGY:  241000      4230.4086     12155.4011     13470.7585       756.6713        -664427.7888     51625.0887         0.0000         0.0000    118049.1069        -464140.3537       310.5292   -582189.4605   -464015.4318       309.7291           -101.3256       -11.8278   1837521.1664         5.9583         5.8085

WRITING COORDINATES TO DCD FILE output/txn_equil.dcd AT STEP 242000
TIMING: 242000  CPU: 29990.8, 0.12414/step  Wall: 30067.3, 0.12429/step, 2.00246 hours remaining, 1871.332031 MB of memory in use.
ENERGY:  242000      4357.3351     12223.1575     13430.8155       712.0782        -664565.5419     51811.4468         0.0000         0.0000    117505.2744        -464525.4345       309.0986   -582030.7089   -464433.3427       309.8667           -127.5349       -40.7672   1837867.3269         0.3940         0.2999

WRITING COORDINATES TO DCD FILE output/txn_equil.dcd AT STEP 243000
TIMING: 243000  CPU: 30115.5, 0.12469/step  Wall: 30192.1, 0.12483/step, 1.97648 hours remaining, 1871.332031 MB of memory in use.
ENERGY:  243000      4287.2074     12175.9498     13472.5987       764.7265        -665036.4561     52191.4790         0.0000         0.0000    117538.2043        -464606.2904       309.1853   -582144.4947   -464516.8894       309.5124            -27.7821        67.7160   1836482.6800         1.4193         1.3562

WRITING COORDINATES TO DCD FILE output/txn_equil.dcd AT STEP 244000
TIMING: 244000  CPU: 30239.8, 0.12431/step  Wall: 30316.6, 0.124462/step, 1.93607 hours remaining, 1871.332031 MB of memory in use.
ENERGY:  244000      4313.0507     12244.2143     13352.3436       774.1315        -664652.6780     51885.4805         0.0000         0.0000    117659.4868        -464423.9706       309.5043   -582083.4574   -464317.6379       309.4953            -89.5114        -7.4475   1839032.5372         2.9559         2.9204

LDB: ============= START OF LOAD BALANCING ============== 30365.7
LDB: ============== END OF LOAD BALANCING =============== 30365.7
Info: useSync: 0 useProxySync: 0
LDB: =============== DONE WITH MIGRATION ================ 30365.7
LDB: ============= START OF LOAD BALANCING ============== 30378.2
LDB: Largest compute 452 load 0.339566 is 2.8% of average load 12.228676
LDB: Average compute 0.040360 is 0.3% of average load 12.228676
LDB: TIME 30378.2 LOAD: AVG 12.2287 MAX 12.4939  PROXIES: TOTAL 763 MAXPE 33 MAXPATCH 5 None MEM: 1871.33 MB
LDB: TIME 30378.2 LOAD: AVG 12.2287 MAX 12.4939  PROXIES: TOTAL 767 MAXPE 34 MAXPATCH 5 RefineTorusLB MEM: 1871.33 MB
LDB: TIME 30378.2 LOAD: AVG 12.2287 MAX 12.3924  PROXIES: TOTAL 767 MAXPE 34 MAXPATCH 5 RefineTorusLB MEM: 1871.33 MB
LDB: ============== END OF LOAD BALANCING =============== 30378.2
Info: useSync: 0 useProxySync: 0
LDB: =============== DONE WITH MIGRATION ================ 30378.2
WRITING COORDINATES TO DCD FILE output/txn_equil.dcd AT STEP 245000
TIMING: 245000  CPU: 30364.1, 0.1243/step  Wall: 30441, 0.124442/step, 1.90119 hours remaining, 1871.332031 MB of memory in use.
ENERGY:  245000      4239.9239     12265.2724     13424.5400       796.1241        -663609.7498     51330.2918         0.0000         0.0000    117200.0883        -464353.5093       308.2959   -581553.5977   -464244.2354       309.6346            -97.4671        -0.5832   1838810.0426        -4.6064        -4.5991

WRITING COORDINATES TO DCD FILE output/txn_equil.dcd AT STEP 246000
TIMING: 246000  CPU: 30488.3, 0.1242/step  Wall: 30565.4, 0.12435/step, 1.86525 hours remaining, 1871.332031 MB of memory in use.
ENERGY:  246000      4334.6279     12185.1243     13383.6568       779.5411        -663835.0558     51574.8638         0.0000         0.0000    117980.2012        -463597.0407       310.3479   -581577.2419   -463490.3489       309.8178           -119.9561       -29.2413   1840468.7314        -1.8727        -1.9513

TIMING: 247000  CPU: 30612.6, 0.12437/step  Wall: 30689.9, 0.124515/step, 1.83314 hours remaining, 1871.332031 MB of memory in use.
ENERGY:  247000      4377.9134     12139.8266     13384.2381       761.9061        -663753.8295     51609.9660         0.0000         0.0000    117459.5216        -464020.4578       308.9783   -581479.9794   -463900.4029       309.9636           -108.3750       -23.7796   1837202.0057        -0.6989        -0.4702

WRITING COORDINATES TO DCD FILE output/txn_equil.dcd AT STEP 247000
WRITING COORDINATES TO DCD FILE output/txn_equil.dcd AT STEP 248000
TIMING: 248000  CPU: 30737.6, 0.125/step  Wall: 30815, 0.125153/step, 1.80776 hours remaining, 1871.332031 MB of memory in use.
ENERGY:  248000      4355.3536     12162.4932     13418.3367       724.8631        -663799.4636     51729.3158         0.0000         0.0000    117829.1922        -463579.9089       309.9507   -581409.1011   -463514.3725       309.9619           -122.4407       -30.0677   1838733.5809        -1.0294        -1.0782

LDB: ============= START OF LOAD BALANCING ============== 30864.2
LDB: ============== END OF LOAD BALANCING =============== 30864.2
Info: useSync: 0 useProxySync: 0
LDB: =============== DONE WITH MIGRATION ================ 30864.2
LDB: ============= START OF LOAD BALANCING ============== 30876.7
LDB: Largest compute 557 load 0.318525 is 2.6% of average load 12.247070
LDB: Average compute 0.040407 is 0.3% of average load 12.247070
LDB: TIME 30876.7 LOAD: AVG 12.2471 MAX 12.4504  PROXIES: TOTAL 763 MAXPE 33 MAXPATCH 5 None MEM: 1871.33 MB
LDB: TIME 30876.7 LOAD: AVG 12.2471 MAX 12.4504  PROXIES: TOTAL 767 MAXPE 34 MAXPATCH 5 RefineTorusLB MEM: 1871.33 MB
LDB: TIME 30876.7 LOAD: AVG 12.2471 MAX 12.402  PROXIES: TOTAL 767 MAXPE 34 MAXPATCH 5 RefineTorusLB MEM: 1871.33 MB
LDB: ============== END OF LOAD BALANCING =============== 30876.7
Info: useSync: 0 useProxySync: 0
LDB: =============== DONE WITH MIGRATION ================ 30876.7
WRITING COORDINATES TO DCD FILE output/txn_equil.dcd AT STEP 249000
TIMING: 249000  CPU: 30862.2, 0.12457/step  Wall: 30939.8, 0.124717/step, 1.76683 hours remaining, 1871.332031 MB of memory in use.
ENERGY:  249000      4331.4180     12165.8098     13411.4708       734.6526        -663840.9866     51364.4642         0.0000         0.0000    118004.2266        -463828.9445       310.4111   -581833.1712   -463757.7564       310.4589           -148.5661       -55.4750   1833891.3750         4.2012         4.3554

TIMING: 250000  CPU: 30986.8, 0.12459/step  Wall: 31064.5, 0.124745/step, 1.73257 hours remaining, 1871.332031 MB of memory in use.
ETITLE:      TS           BOND          ANGLE          DIHED          IMPRP               ELECT            VDW       BOUNDARY           MISC        KINETIC               TOTAL           TEMP      POTENTIAL         TOTAL3        TEMPAVG            PRESSURE      GPRESSURE         VOLUME       PRESSAVG      GPRESSAVG

ENERGY:  250000      4288.7879     12173.9320     13362.7111       786.9100        -664404.1003     51937.6674         0.0000         0.0000    117441.2352        -464412.8565       308.9302   -581854.0918   -464308.6906       310.0997             -6.1652        90.9240   1834342.8922         7.3652         7.2511

WRITING EXTENDED SYSTEM TO RESTART FILE AT STEP 250000
WRITING COORDINATES TO DCD FILE output/txn_equil.dcd AT STEP 250000
WRITING COORDINATES TO RESTART FILE AT STEP 250000
FINISHED WRITING RESTART COORDINATES
WRITING VELOCITIES TO RESTART FILE AT STEP 250000
FINISHED WRITING RESTART VELOCITIES
TIMING: 251000  CPU: 31111.1, 0.12433/step  Wall: 31190.2, 0.125707/step, 1.71101 hours remaining, 1871.332031 MB of memory in use.
ENERGY:  251000      4288.6219     12152.1449     13442.6137       759.6318        -663960.6022     51499.8772         0.0000         0.0000    117907.5940        -463910.1187       310.1570   -581817.7127   -463787.9225       309.6707           -171.7866       -77.3672   1834402.6215         2.0206         1.9576

WRITING COORDINATES TO DCD FILE output/txn_equil.dcd AT STEP 251000
WRITING COORDINATES TO DCD FILE output/txn_equil.dcd AT STEP 252000
TIMING: 252000  CPU: 31235.5, 0.12432/step  Wall: 31314.7, 0.124463/step, 1.65951 hours remaining, 1871.332031 MB of memory in use.
ENERGY:  252000      4237.9913     12264.9057     13504.3671       736.8577        -664250.7998     51687.9979         0.0000         0.0000    117725.3020        -464093.3782       309.6774   -581818.6802   -464031.4957       309.7125            -43.6582        47.7680   1834476.7990         1.6260         1.6473

LDB: ============= START OF LOAD BALANCING ============== 31363.8
LDB: ============== END OF LOAD BALANCING =============== 31363.8
Info: useSync: 0 useProxySync: 0
LDB: =============== DONE WITH MIGRATION ================ 31363.8
LDB: ============= START OF LOAD BALANCING ============== 31376.3
LDB: Largest compute 557 load 0.328946 is 2.7% of average load 12.285527
LDB: Average compute 0.040517 is 0.3% of average load 12.285527
LDB: TIME 31376.3 LOAD: AVG 12.2855 MAX 12.4766  PROXIES: TOTAL 763 MAXPE 33 MAXPATCH 5 None MEM: 1871.33 MB
LDB: TIME 31376.3 LOAD: AVG 12.2855 MAX 12.4766  PROXIES: TOTAL 767 MAXPE 34 MAXPATCH 5 RefineTorusLB MEM: 1871.33 MB
LDB: TIME 31376.3 LOAD: AVG 12.2855 MAX 12.4209  PROXIES: TOTAL 767 MAXPE 34 MAXPATCH 5 RefineTorusLB MEM: 1871.33 MB
LDB: ============== END OF LOAD BALANCING =============== 31376.3
Info: useSync: 0 useProxySync: 0
LDB: =============== DONE WITH MIGRATION ================ 31376.3
WRITING COORDINATES TO DCD FILE output/txn_equil.dcd AT STEP 253000
TIMING: 253000  CPU: 31360, 0.12451/step  Wall: 31439.3, 0.124655/step, 1.62745 hours remaining, 1871.332031 MB of memory in use.
ENERGY:  253000      4314.0757     12226.0272     13443.9422       773.9678        -664112.1188     51562.8598         0.0000         0.0000    118043.3723        -463747.8737       310.5141   -581791.2460   -463650.2043       310.2072           -102.4857       -16.0910   1833772.7798         1.2401         1.2456

TIMING: 254000  CPU: 31484.7, 0.12469/step  Wall: 31564.2, 0.124847/step, 1.59527 hours remaining, 1871.332031 MB of memory in use.
ENERGY:  254000      4304.0579     12294.8601     13452.6409       758.4945        -663335.2457     51372.6601         0.0000         0.0000    117932.1582        -463220.3740       310.2216   -581152.5322   -463136.9836       310.3358           -128.5561       -38.9186   1838574.3999         0.2840         0.3213

WRITING COORDINATES TO DCD FILE output/txn_equil.dcd AT STEP 254000
WRITING COORDINATES TO DCD FILE output/txn_equil.dcd AT STEP 255000
TIMING: 255000  CPU: 31609.2, 0.12452/step  Wall: 31688.8, 0.124663/step, 1.55829 hours remaining, 1871.332031 MB of memory in use.
ENERGY:  255000      4262.4103     12088.1660     13503.0010       725.5316        -664591.7665     51948.4287         0.0000         0.0000    117681.2452        -464382.9837       309.5615   -582064.2289   -464277.4647       310.0967           -113.4747       -25.9722   1840424.9916         2.9706         3.1877

WRITING COORDINATES TO DCD FILE output/txn_equil.dcd AT STEP 256000
TIMING: 256000  CPU: 31733.3, 0.12413/step  Wall: 31813.1, 0.124278/step, 1.51896 hours remaining, 1871.332031 MB of memory in use.
ENERGY:  256000      4314.7647     12103.3003     13450.6181       776.9903        -664130.5005     51423.5573         0.0000         0.0000    117564.5480        -464496.7217       309.2546   -582061.2697   -464412.2659       309.5210           -156.2418       -67.1038   1838752.7579         4.7322         4.6345

LDB: ============= START OF LOAD BALANCING ============== 31862.1
LDB: ============== END OF LOAD BALANCING =============== 31862.1
Info: useSync: 0 useProxySync: 0
LDB: =============== DONE WITH MIGRATION ================ 31862.1
LDB: ============= START OF LOAD BALANCING ============== 31874.6
LDB: Largest compute 557 load 0.336183 is 2.7% of average load 12.282960
LDB: Average compute 0.040497 is 0.3% of average load 12.282960
LDB: TIME 31874.6 LOAD: AVG 12.283 MAX 12.4377  PROXIES: TOTAL 763 MAXPE 33 MAXPATCH 5 None MEM: 1871.33 MB
LDB: TIME 31874.6 LOAD: AVG 12.283 MAX 12.4377  PROXIES: TOTAL 767 MAXPE 34 MAXPATCH 5 RefineTorusLB MEM: 1871.33 MB
LDB: TIME 31874.6 LOAD: AVG 12.283 MAX 12.4377  PROXIES: TOTAL 767 MAXPE 34 MAXPATCH 5 RefineTorusLB MEM: 1871.33 MB
LDB: ============== END OF LOAD BALANCING =============== 31874.6
Info: useSync: 0 useProxySync: 0
LDB: =============== DONE WITH MIGRATION ================ 31874.6
WRITING COORDINATES TO DCD FILE output/txn_equil.dcd AT STEP 257000
TIMING: 257000  CPU: 31857.6, 0.12433/step  Wall: 31937.6, 0.124474/step, 1.48678 hours remaining, 1871.332031 MB of memory in use.
ENERGY:  257000      4260.2235     12220.7984     13465.6042       738.8508        -664289.7477     51803.7360         0.0000         0.0000    118060.7638        -463739.7711       310.5599   -581800.5349   -463629.9841       309.7118            -65.0301        27.1786   1838062.1971         2.3843         2.3413

WRITING COORDINATES TO DCD FILE output/txn_equil.dcd AT STEP 258000
TIMING: 258000  CPU: 31982.2, 0.12457/step  Wall: 32062.3, 0.124708/step, 1.45493 hours remaining, 1871.332031 MB of memory in use.
ENERGY:  258000      4306.0572     12134.9170     13449.4673       743.7361        -663573.9356     51464.5929         0.0000         0.0000    117883.9605        -463591.2047       310.0948   -581475.1652   -463484.6053       310.3806           -144.5008       -51.0024   1838519.5859        -0.9669        -0.9716

TIMING: 259000  CPU: 32106.7, 0.12449/step  Wall: 32186.9, 0.124651/step, 1.41963 hours remaining, 1871.332031 MB of memory in use.
ENERGY:  259000      4359.7651     12116.5067     13417.8143       778.1228        -664240.4793     51973.5262         0.0000         0.0000    117488.5103        -464106.2339       309.0545   -581594.7442   -464008.4934       310.1794            -13.2965        77.0915   1838786.3438         9.0735         9.0928

WRITING COORDINATES TO DCD FILE output/txn_equil.dcd AT STEP 259000
WRITING COORDINATES TO DCD FILE output/txn_equil.dcd AT STEP 260000
WRITING COORDINATES TO RESTART FILE AT STEP 260000
FINISHED WRITING RESTART COORDINATES
WRITING VELOCITIES TO RESTART FILE AT STEP 260000
FINISHED WRITING RESTART VELOCITIES
TIMING: 260000  CPU: 32231.2, 0.12451/step  Wall: 32312.8, 0.125857/step, 1.39841 hours remaining, 1871.332031 MB of memory in use.
ETITLE:      TS           BOND          ANGLE          DIHED          IMPRP               ELECT            VDW       BOUNDARY           MISC        KINETIC               TOTAL           TEMP      POTENTIAL         TOTAL3        TEMPAVG            PRESSURE      GPRESSURE         VOLUME       PRESSAVG      GPRESSAVG

ENERGY:  260000      4245.0140     12056.8376     13488.7474       773.7324        -663985.7279     51692.3460         0.0000         0.0000    118105.6040        -463623.4464       310.6778   -581729.0505   -463518.2525       309.7556            -75.9089        19.8108   1834199.8482         0.3397         0.3837

WRITING EXTENDED SYSTEM TO RESTART FILE AT STEP 260000
LDB: ============= START OF LOAD BALANCING ============== 32362
LDB: ============== END OF LOAD BALANCING =============== 32362
Info: useSync: 0 useProxySync: 0
LDB: =============== DONE WITH MIGRATION ================ 32362
LDB: ============= START OF LOAD BALANCING ============== 32374.5
LDB: Largest compute 458 load 0.325501 is 2.7% of average load 12.259322
LDB: Average compute 0.040431 is 0.3% of average load 12.259322
LDB: TIME 32374.5 LOAD: AVG 12.2593 MAX 12.466  PROXIES: TOTAL 763 MAXPE 33 MAXPATCH 5 None MEM: 1871.33 MB
LDB: TIME 32374.5 LOAD: AVG 12.2593 MAX 12.466  PROXIES: TOTAL 767 MAXPE 34 MAXPATCH 5 RefineTorusLB MEM: 1871.33 MB
LDB: TIME 32374.5 LOAD: AVG 12.2593 MAX 12.4124  PROXIES: TOTAL 767 MAXPE 34 MAXPATCH 5 RefineTorusLB MEM: 1871.33 MB
LDB: ============== END OF LOAD BALANCING =============== 32374.5
Info: useSync: 0 useProxySync: 0
LDB: =============== DONE WITH MIGRATION ================ 32374.5
WRITING COORDINATES TO DCD FILE output/txn_equil.dcd AT STEP 261000
TIMING: 261000  CPU: 32355.7, 0.12449/step  Wall: 32437.6, 0.124764/step, 1.35161 hours remaining, 1871.332031 MB of memory in use.
ENERGY:  261000      4380.2407     12136.6925     13444.4860       774.2648        -663270.2710     51243.5696         0.0000         0.0000    118058.4037        -463232.6137       310.5537   -581291.0174   -463147.0934       310.4126           -213.0627      -116.4601   1839460.8242         0.1617         0.1752

WRITING COORDINATES TO DCD FILE output/txn_equil.dcd AT STEP 262000
TIMING: 262000  CPU: 32480.3, 0.12458/step  Wall: 32562.3, 0.124717/step, 1.31646 hours remaining, 1871.332031 MB of memory in use.
ENERGY:  262000      4339.4273     12152.7748     13439.7504       771.7406        -662873.8084     51140.6887         0.0000         0.0000    117772.6850        -463256.7417       309.8021   -581029.4267   -463178.1038       310.8704           -133.3447       -39.8548   1837792.5844        -5.5171        -5.5173

TIMING: 263000  CPU: 32604.9, 0.1246/step  Wall: 32687, 0.12475/step, 1.28215 hours remaining, 1871.332031 MB of memory in use.
ENERGY:  263000      4325.3084     12313.0448     13479.5430       772.3103        -663955.7558     51844.4252         0.0000         0.0000    117730.4954        -463490.6287       309.6911   -581221.1241   -463392.0478       310.5297            -86.7871        13.7458   1837655.4925        -0.7464        -0.7035

WRITING COORDINATES TO DCD FILE output/txn_equil.dcd AT STEP 263000
TIMING: 264000  CPU: 32729.4, 0.12453/step  Wall: 32811.7, 0.124673/step, 1.24673 hours remaining, 1871.332031 MB of memory in use.
ENERGY:  264000      4354.2830     12060.0168     13397.4460       750.3695        -664019.1817     51665.4780         0.0000         0.0000    117793.9445        -463997.6440       309.8580   -581791.5885   -463908.3148       309.8355           -114.4970       -15.8447   1834906.9025        -0.2082        -0.2203

WRITING COORDINATES TO DCD FILE output/txn_equil.dcd AT STEP 264000
LDB: ============= START OF LOAD BALANCING ============== 32860.9
LDB: ============== END OF LOAD BALANCING =============== 32860.9
Info: useSync: 0 useProxySync: 0
LDB: =============== DONE WITH MIGRATION ================ 32860.9
LDB: ============= START OF LOAD BALANCING ============== 32873.4
LDB: Largest compute 557 load 0.332971 is 2.7% of average load 12.263354
LDB: Average compute 0.040469 is 0.3% of average load 12.263354
LDB: TIME 32873.4 LOAD: AVG 12.2634 MAX 12.4454  PROXIES: TOTAL 763 MAXPE 33 MAXPATCH 5 None MEM: 1871.33 MB
LDB: TIME 32873.4 LOAD: AVG 12.2634 MAX 12.4454  PROXIES: TOTAL 767 MAXPE 34 MAXPATCH 5 RefineTorusLB MEM: 1871.33 MB
LDB: TIME 32873.4 LOAD: AVG 12.2634 MAX 12.425  PROXIES: TOTAL 767 MAXPE 34 MAXPATCH 5 RefineTorusLB MEM: 1871.33 MB
LDB: ============== END OF LOAD BALANCING =============== 32873.4
Info: useSync: 0 useProxySync: 0
LDB: =============== DONE WITH MIGRATION ================ 32873.4
WRITING COORDINATES TO DCD FILE output/txn_equil.dcd AT STEP 265000
TIMING: 265000  CPU: 32854, 0.12462/step  Wall: 32936.5, 0.12477/step, 1.21304 hours remaining, 1871.332031 MB of memory in use.
ENERGY:  265000      4362.8757     12195.0850     13364.4161       732.9311        -663284.4604     51262.3477         0.0000         0.0000    117977.6695        -463389.1353       310.3413   -581366.8048   -463277.8626       309.7902           -206.4074      -118.5634   1838723.9188         3.5627         3.4168

WRITING COORDINATES TO DCD FILE output/txn_equil.dcd AT STEP 266000
TIMING: 266000  CPU: 32978.3, 0.12424/step  Wall: 33060.9, 0.124386/step, 1.17476 hours remaining, 1871.332031 MB of memory in use.
ENERGY:  266000      4284.9995     12287.7057     13407.6428       741.5913        -663780.0337     51273.3717         0.0000         0.0000    118019.3705        -463765.3522       310.4510   -581784.7227   -463696.1490       310.1286           -139.8687       -47.5217   1834624.5022         0.8821         0.8185

WRITING COORDINATES TO DCD FILE output/txn_equil.dcd AT STEP 267000
TIMING: 267000  CPU: 33102.7, 0.12446/step  Wall: 33185.5, 0.124606/step, 1.14222 hours remaining, 1871.332031 MB of memory in use.
ENERGY:  267000      4274.2073     12146.2445     13374.6068       745.8481        -664153.7523     51639.3016         0.0000         0.0000    118116.1951        -463857.3488       310.7057   -581973.5439   -463739.4232       310.4426           -100.6549       -10.7079   1835416.8796        -3.2441        -3.2318

WRITING COORDINATES TO DCD FILE output/txn_equil.dcd AT STEP 268000
TIMING: 268000  CPU: 33227.2, 0.12443/step  Wall: 33310, 0.124576/step, 1.10734 hours remaining, 1871.332031 MB of memory in use.
ENERGY:  268000      4339.2053     12026.1770     13390.6025       782.8464        -664504.9440     51982.6951         0.0000         0.0000    118257.1155        -463726.3022       311.0764   -581983.4176   -463629.5768       310.4792            -50.1466        43.0555   1835219.1715        -1.4341        -1.2928

LDB: ============= START OF LOAD BALANCING ============== 33359
LDB: ============== END OF LOAD BALANCING =============== 33359
Info: useSync: 0 useProxySync: 0
LDB: =============== DONE WITH MIGRATION ================ 33359
LDB: ============= START OF LOAD BALANCING ============== 33371.5
LDB: Largest compute 619 load 0.321783 is 2.6% of average load 12.258002
LDB: Average compute 0.040459 is 0.3% of average load 12.258002
LDB: TIME 33371.5 LOAD: AVG 12.258 MAX 12.4573  PROXIES: TOTAL 763 MAXPE 33 MAXPATCH 5 None MEM: 1871.33 MB
LDB: TIME 33371.5 LOAD: AVG 12.258 MAX 12.4573  PROXIES: TOTAL 767 MAXPE 34 MAXPATCH 5 RefineTorusLB MEM: 1871.33 MB
LDB: TIME 33371.5 LOAD: AVG 12.258 MAX 12.4033  PROXIES: TOTAL 767 MAXPE 34 MAXPATCH 5 RefineTorusLB MEM: 1871.33 MB
LDB: ============== END OF LOAD BALANCING =============== 33371.5
Info: useSync: 0 useProxySync: 0
LDB: =============== DONE WITH MIGRATION ================ 33371.5
WRITING COORDINATES TO DCD FILE output/txn_equil.dcd AT STEP 269000
TIMING: 269000  CPU: 33351.3, 0.12413/step  Wall: 33434.3, 0.124278/step, 1.07017 hours remaining, 1871.332031 MB of memory in use.
ENERGY:  269000      4323.3482     12130.4088     13412.1473       737.5887        -664787.9567     51938.7813         0.0000         0.0000    118299.0462        -463946.6362       311.1867   -582245.6824   -463866.5211       310.1329            -99.7774        -2.9010   1835937.4045        -3.5784        -3.5859

WRITING COORDINATES TO DCD FILE output/txn_equil.dcd AT STEP 270000
WRITING COORDINATES TO RESTART FILE AT STEP 270000
FINISHED WRITING RESTART COORDINATES
WRITING VELOCITIES TO RESTART FILE AT STEP 270000
FINISHED WRITING RESTART VELOCITIES
TIMING: 270000  CPU: 33476, 0.12476/step  Wall: 33560.4, 0.126098/step, 1.05082 hours remaining, 1871.332031 MB of memory in use.
ETITLE:      TS           BOND          ANGLE          DIHED          IMPRP               ELECT            VDW       BOUNDARY           MISC        KINETIC               TOTAL           TEMP      POTENTIAL         TOTAL3        TEMPAVG            PRESSURE      GPRESSURE         VOLUME       PRESSAVG      GPRESSAVG

ENERGY:  270000      4357.5402     11944.1763     13454.2075       744.5249        -663661.5825     51232.7649         0.0000         0.0000    117728.8035        -464199.5651       309.6866   -581928.3687   -464081.6267       310.3977           -125.5582       -33.6506   1833903.4644         4.3868         4.4620

WRITING EXTENDED SYSTEM TO RESTART FILE AT STEP 270000
WRITING COORDINATES TO DCD FILE output/txn_equil.dcd AT STEP 271000
TIMING: 271000  CPU: 33600.5, 0.12444/step  Wall: 33685.1, 0.124724/step, 1.00472 hours remaining, 1871.332031 MB of memory in use.
ENERGY:  271000      4278.0340     12181.8612     13427.8852       733.2869        -664410.6877     51791.4003         0.0000         0.0000    118023.2804        -463974.9399       310.4613   -581998.2203   -463883.1142       309.9510           -109.1072       -19.2524   1835889.0739         1.3660         1.5002

TIMING: 272000  CPU: 33725, 0.12455/step  Wall: 33809.9, 0.124707/step, 0.969944 hours remaining, 1871.332031 MB of memory in use.
ENERGY:  272000      4380.8071     12057.4672     13385.1271       756.7256        -663691.4792     51574.3914         0.0000         0.0000    118045.7664        -463491.1944       310.5204   -581536.9608   -463382.3899       310.3866           -131.1535       -41.9483   1836364.0999         4.0628         4.1533

WRITING COORDINATES TO DCD FILE output/txn_equil.dcd AT STEP 272000
LDB: ============= START OF LOAD BALANCING ============== 33859.1
LDB: ============== END OF LOAD BALANCING =============== 33859.1
Info: useSync: 0 useProxySync: 0
LDB: =============== DONE WITH MIGRATION ================ 33859.1
LDB: ============= START OF LOAD BALANCING ============== 33871.7
LDB: Largest compute 472 load 0.320655 is 2.6% of average load 12.255323
LDB: Average compute 0.040426 is 0.3% of average load 12.255323
LDB: TIME 33871.7 LOAD: AVG 12.2553 MAX 12.5218  PROXIES: TOTAL 763 MAXPE 33 MAXPATCH 5 None MEM: 1871.33 MB
LDB: TIME 33871.7 LOAD: AVG 12.2553 MAX 12.5218  PROXIES: TOTAL 767 MAXPE 34 MAXPATCH 5 RefineTorusLB MEM: 1871.33 MB
LDB: TIME 33871.7 LOAD: AVG 12.2553 MAX 12.4145  PROXIES: TOTAL 767 MAXPE 34 MAXPATCH 5 RefineTorusLB MEM: 1871.33 MB
LDB: ============== END OF LOAD BALANCING =============== 33871.7
Info: useSync: 0 useProxySync: 0
LDB: =============== DONE WITH MIGRATION ================ 33871.7
WRITING COORDINATES TO DCD FILE output/txn_equil.dcd AT STEP 273000
TIMING: 273000  CPU: 33849.6, 0.1246/step  Wall: 33934.6, 0.12474/step, 0.935553 hours remaining, 1871.332031 MB of memory in use.
ENERGY:  273000      4316.9042     12190.9838     13402.8678       743.5515        -663528.2032     51052.8097         0.0000         0.0000    117901.5718        -463919.5144       310.1411   -581821.0862   -463824.2054       310.2638           -215.8030      -122.2584   1835108.3592        -1.6593        -1.5909

WRITING COORDINATES TO DCD FILE output/txn_equil.dcd AT STEP 274000
TIMING: 274000  CPU: 33974.2, 0.12454/step  Wall: 34059.3, 0.124683/step, 0.900489 hours remaining, 1871.332031 MB of memory in use.
ENERGY:  274000      4370.2561     12070.0125     13416.5009       789.5586        -664207.6439     51797.0732         0.0000         0.0000    117905.8114        -463858.4311       310.1523   -581764.2425   -463769.7072       310.1967           -104.4431       -14.3966   1835514.4295         1.8881         1.8693

WRITING COORDINATES TO DCD FILE output/txn_equil.dcd AT STEP 275000
TIMING: 275000  CPU: 34098.5, 0.1243/step  Wall: 34183.7, 0.124444/step, 0.864191 hours remaining, 1871.332031 MB of memory in use.
ENERGY:  275000      4216.9531     12135.3547     13364.9012       771.5177        -664144.0269     51907.1008         0.0000         0.0000    117411.4465        -464336.7529       308.8518   -581748.1993   -464253.1194       309.5518           -130.5742       -43.2811   1839118.5589         1.4549         1.3914

TIMING: 276000  CPU: 34222.6, 0.12413/step  Wall: 34308, 0.124283/step, 0.828553 hours remaining, 1871.332031 MB of memory in use.
ENERGY:  276000      4203.2817     12025.1821     13516.9677       796.8827        -664415.6466     52090.9779         0.0000         0.0000    117285.3349        -464497.0196       308.5201   -581782.3545   -464412.2709       309.5602            -31.5312        61.2475   1836414.7568         0.4120         0.3407

WRITING COORDINATES TO DCD FILE output/txn_equil.dcd AT STEP 276000
LDB: ============= START OF LOAD BALANCING ============== 34357
LDB: ============== END OF LOAD BALANCING =============== 34357
Info: useSync: 0 useProxySync: 0
LDB: =============== DONE WITH MIGRATION ================ 34357
LDB: ============= START OF LOAD BALANCING ============== 34369.5
LDB: Largest compute 472 load 0.319191 is 2.6% of average load 12.273920
LDB: Average compute 0.040490 is 0.3% of average load 12.273920
LDB: TIME 34369.5 LOAD: AVG 12.2739 MAX 12.4231  PROXIES: TOTAL 763 MAXPE 33 MAXPATCH 5 None MEM: 1871.33 MB
LDB: TIME 34369.5 LOAD: AVG 12.2739 MAX 12.4231  PROXIES: TOTAL 767 MAXPE 34 MAXPATCH 5 RefineTorusLB MEM: 1871.33 MB
LDB: TIME 34369.5 LOAD: AVG 12.2739 MAX 12.4231  PROXIES: TOTAL 767 MAXPE 34 MAXPATCH 5 RefineTorusLB MEM: 1871.33 MB
LDB: ============== END OF LOAD BALANCING =============== 34369.5
Info: useSync: 0 useProxySync: 0
LDB: =============== DONE WITH MIGRATION ================ 34369.5
WRITING COORDINATES TO DCD FILE output/txn_equil.dcd AT STEP 277000
TIMING: 277000  CPU: 34346.9, 0.12432/step  Wall: 34432.5, 0.124463/step, 0.795179 hours remaining, 1871.332031 MB of memory in use.
ENERGY:  277000      4313.0417     11930.6388     13457.8049       726.2563        -664614.3775     51959.5956         0.0000         0.0000    117586.9577        -464640.0825       309.3135   -582227.0402   -464543.0012       309.3970            -65.8651        25.7947   1835869.5110        -2.2855        -2.2447

WRITING COORDINATES TO DCD FILE output/txn_equil.dcd AT STEP 278000
TIMING: 278000  CPU: 34471.4, 0.12444/step  Wall: 34557, 0.124583/step, 0.76134 hours remaining, 1871.332031 MB of memory in use.
ENERGY:  278000      4300.2483     12089.9859     13428.9855       726.5054        -663328.8861     50902.7390         0.0000         0.0000    117937.3929        -463943.0292       310.2353   -581880.4221   -463865.4715       309.6353           -180.7201       -92.9091   1835677.8405         1.6484         1.7132

WRITING COORDINATES TO DCD FILE output/txn_equil.dcd AT STEP 279000
TIMING: 279000  CPU: 34595.8, 0.12449/step  Wall: 34681.7, 0.12464/step, 0.727069 hours remaining, 1871.332031 MB of memory in use.
ENERGY:  279000      4322.5172     12180.1041     13497.0317       775.2048        -663998.7361     51355.3341         0.0000         0.0000    118236.2195        -463632.3247       311.0214   -581868.5442   -463535.3652       310.1045           -189.2696       -99.4625   1839211.6150        -0.5233        -0.4639

WRITING COORDINATES TO DCD FILE output/txn_equil.dcd AT STEP 280000
WRITING COORDINATES TO RESTART FILE AT STEP 280000
FINISHED WRITING RESTART COORDINATES
WRITING VELOCITIES TO RESTART FILE AT STEP 280000
FINISHED WRITING RESTART VELOCITIES
TIMING: 280000  CPU: 34720.4, 0.12458/step  Wall: 34807.6, 0.125881/step, 0.699338 hours remaining, 1871.332031 MB of memory in use.
ETITLE:      TS           BOND          ANGLE          DIHED          IMPRP               ELECT            VDW       BOUNDARY           MISC        KINETIC               TOTAL           TEMP      POTENTIAL         TOTAL3        TEMPAVG            PRESSURE      GPRESSURE         VOLUME       PRESSAVG      GPRESSAVG

ENERGY:  280000      4360.0326     12020.9129     13479.4062       742.1927        -663757.5364     51522.9828         0.0000         0.0000    118282.6817        -463349.3274       311.1436   -581632.0091   -463241.8660       309.8982           -100.5141       -13.2603   1835622.0461         1.6715         1.6471

WRITING EXTENDED SYSTEM TO RESTART FILE AT STEP 280000
LDB: ============= START OF LOAD BALANCING ============== 34856.7
LDB: ============== END OF LOAD BALANCING =============== 34856.7
Info: useSync: 0 useProxySync: 0
LDB: =============== DONE WITH MIGRATION ================ 34856.7
LDB: ============= START OF LOAD BALANCING ============== 34869.2
LDB: Largest compute 555 load 0.322204 is 2.6% of average load 12.266453
LDB: Average compute 0.040464 is 0.3% of average load 12.266453
LDB: TIME 34869.2 LOAD: AVG 12.2665 MAX 12.4129  PROXIES: TOTAL 763 MAXPE 33 MAXPATCH 5 None MEM: 1871.33 MB
LDB: TIME 34869.2 LOAD: AVG 12.2665 MAX 12.4129  PROXIES: TOTAL 767 MAXPE 34 MAXPATCH 5 RefineTorusLB MEM: 1871.33 MB
LDB: TIME 34869.2 LOAD: AVG 12.2665 MAX 12.4129  PROXIES: TOTAL 767 MAXPE 34 MAXPATCH 5 RefineTorusLB MEM: 1871.33 MB
LDB: ============== END OF LOAD BALANCING =============== 34869.2
Info: useSync: 0 useProxySync: 0
LDB: =============== DONE WITH MIGRATION ================ 34869.2
WRITING COORDINATES TO DCD FILE output/txn_equil.dcd AT STEP 281000
TIMING: 281000  CPU: 34844.8, 0.1244/step  Wall: 34932.2, 0.124673/step, 0.657997 hours remaining, 1871.332031 MB of memory in use.
ENERGY:  281000      4292.1765     12211.8957     13433.4852       765.5227        -664291.6175     51760.8995         0.0000         0.0000    117743.1407        -464084.4972       309.7244   -581827.6379   -463987.6998       310.3307            -56.6552        27.8302   1832860.8224         0.6489         0.7870

WRITING COORDINATES TO DCD FILE output/txn_equil.dcd AT STEP 282000
TIMING: 282000  CPU: 34969.7, 0.12483/step  Wall: 35057.2, 0.124979/step, 0.624897 hours remaining, 1871.332031 MB of memory in use.
ENERGY:  282000      4264.5147     12111.0476     13411.4851       761.4492        -665589.2732     52536.6457         0.0000         0.0000    117482.8673        -465021.2635       309.0397   -582504.1309   -464922.3480       309.5646             45.5420       137.1394   1834998.2767        -1.5413        -1.5259

WRITING COORDINATES TO DCD FILE output/txn_equil.dcd AT STEP 283000
TIMING: 283000  CPU: 35094.3, 0.12464/step  Wall: 35182, 0.12479/step, 0.589286 hours remaining, 1871.332031 MB of memory in use.
ENERGY:  283000      4212.6446     12167.3573     13340.7819       729.6774        -665670.2519     52206.3752         0.0000         0.0000    117923.4093        -465090.0062       310.1986   -583013.4155   -464995.8085       309.2997            -10.8643        82.5185   1835215.9264         6.5290         6.5757

WRITING COORDINATES TO DCD FILE output/txn_equil.dcd AT STEP 284000
TIMING: 284000  CPU: 35219.1, 0.12477/step  Wall: 35306.9, 0.124911/step, 0.555159 hours remaining, 1871.332031 MB of memory in use.
ENERGY:  284000      4300.2120     12143.0877     13374.1574       748.2294        -664850.2741     52001.0063         0.0000         0.0000    118138.3298        -464145.2515       310.7639   -582283.5813   -464035.7686       309.7302            -54.1299        39.5373   1832757.3864        -3.1738        -3.2464

LDB: ============= START OF LOAD BALANCING ============== 35356.1
LDB: ============== END OF LOAD BALANCING =============== 35356.1
Info: useSync: 0 useProxySync: 0
LDB: =============== DONE WITH MIGRATION ================ 35356.1
LDB: ============= START OF LOAD BALANCING ============== 35368.7
LDB: Largest compute 458 load 0.332336 is 2.7% of average load 12.275784
LDB: Average compute 0.040519 is 0.3% of average load 12.275784
LDB: TIME 35368.7 LOAD: AVG 12.2758 MAX 12.5734  PROXIES: TOTAL 763 MAXPE 33 MAXPATCH 5 None MEM: 1871.33 MB
LDB: TIME 35368.7 LOAD: AVG 12.2758 MAX 12.5734  PROXIES: TOTAL 767 MAXPE 34 MAXPATCH 5 RefineTorusLB MEM: 1871.33 MB
LDB: TIME 35368.7 LOAD: AVG 12.2758 MAX 12.4404  PROXIES: TOTAL 767 MAXPE 34 MAXPATCH 5 RefineTorusLB MEM: 1871.33 MB
LDB: ============== END OF LOAD BALANCING =============== 35368.7
Info: useSync: 0 useProxySync: 0
LDB: =============== DONE WITH MIGRATION ================ 35368.7
WRITING COORDINATES TO DCD FILE output/txn_equil.dcd AT STEP 285000
TIMING: 285000  CPU: 35344, 0.12492/step  Wall: 35432, 0.125066/step, 0.521109 hours remaining, 1871.332031 MB of memory in use.
ENERGY:  285000      4214.4456     12187.0799     13421.0618       769.5683        -664110.7896     51939.4623         0.0000         0.0000    117805.0760        -463774.0958       309.8873   -581579.1718   -463686.8960       309.8660              3.8635        96.7095   1832996.7828        -1.6084        -1.6599

WRITING COORDINATES TO DCD FILE output/txn_equil.dcd AT STEP 286000
TIMING: 286000  CPU: 35468.8, 0.12485/step  Wall: 35557, 0.124995/step, 0.486094 hours remaining, 1871.332031 MB of memory in use.
ENERGY:  286000      4358.7032     12167.3554     13491.7076       763.3508        -663737.6073     51494.3903         0.0000         0.0000    117946.3232        -463515.7768       310.2588   -581462.1000   -463412.7255       310.2516            -84.3431        11.3583   1834278.8078         4.4924         4.5419

WRITING COORDINATES TO DCD FILE output/txn_equil.dcd AT STEP 287000
TIMING: 287000  CPU: 35593.4, 0.12456/step  Wall: 35681.7, 0.124709/step, 0.450337 hours remaining, 1871.332031 MB of memory in use.
ENERGY:  287000      4308.0853     12075.6061     13468.9002       738.6015        -664540.4453     51741.9892         0.0000         0.0000    117345.9389        -464861.3242       308.6795   -582207.2631   -464745.8228       309.9370            -77.0047        15.0714   1834442.5578         6.7748         6.8706

WRITING COORDINATES TO DCD FILE output/txn_equil.dcd AT STEP 288000
TIMING: 288000  CPU: 35718.4, 0.125/step  Wall: 35806.8, 0.125143/step, 0.417142 hours remaining, 1871.332031 MB of memory in use.
ENERGY:  288000      4186.2650     12013.1120     13393.4144       773.6806        -664352.5749     51492.6489         0.0000         0.0000    117838.7733        -464654.6806       309.9759   -582493.4539   -464580.8171       309.3868            -97.4582        -3.4234   1833027.4823         3.9599         3.9562

LDB: ============= START OF LOAD BALANCING ============== 35856
LDB: ============== END OF LOAD BALANCING =============== 35856
Info: useSync: 0 useProxySync: 0
LDB: =============== DONE WITH MIGRATION ================ 35856
LDB: ============= START OF LOAD BALANCING ============== 35868.5
LDB: Largest compute 501 load 0.332646 is 2.7% of average load 12.267207
LDB: Average compute 0.040462 is 0.3% of average load 12.267207
LDB: TIME 35868.5 LOAD: AVG 12.2672 MAX 12.433  PROXIES: TOTAL 763 MAXPE 33 MAXPATCH 5 None MEM: 1871.33 MB
LDB: TIME 35868.5 LOAD: AVG 12.2672 MAX 12.433  PROXIES: TOTAL 767 MAXPE 34 MAXPATCH 5 RefineTorusLB MEM: 1871.33 MB
LDB: TIME 35868.5 LOAD: AVG 12.2672 MAX 12.433  PROXIES: TOTAL 767 MAXPE 34 MAXPATCH 5 RefineTorusLB MEM: 1871.33 MB
LDB: ============== END OF LOAD BALANCING =============== 35868.5
Info: useSync: 0 useProxySync: 0
LDB: =============== DONE WITH MIGRATION ================ 35868.5
WRITING COORDINATES TO DCD FILE output/txn_equil.dcd AT STEP 289000
TIMING: 289000  CPU: 35843.2, 0.12483/step  Wall: 35931.8, 0.124976/step, 0.381871 hours remaining, 1871.332031 MB of memory in use.
ENERGY:  289000      4360.8143     12015.0094     13410.9592       739.3431        -664604.3447     51992.5952         0.0000         0.0000    117531.6725        -464553.9509       309.1681   -582085.6234   -464459.1854       309.5225            -45.9276        38.5151   1834747.0313        -1.7614        -1.8762

WRITING COORDINATES TO DCD FILE output/txn_equil.dcd AT STEP 290000
WRITING COORDINATES TO RESTART FILE AT STEP 290000
FINISHED WRITING RESTART COORDINATES
WRITING VELOCITIES TO RESTART FILE AT STEP 290000
FINISHED WRITING RESTART VELOCITIES
TIMING: 290000  CPU: 35968.2, 0.12494/step  Wall: 36058.5, 0.126668/step, 0.351855 hours remaining, 1871.332031 MB of memory in use.
ETITLE:      TS           BOND          ANGLE          DIHED          IMPRP               ELECT            VDW       BOUNDARY           MISC        KINETIC               TOTAL           TEMP      POTENTIAL         TOTAL3        TEMPAVG            PRESSURE      GPRESSURE         VOLUME       PRESSAVG      GPRESSAVG

ENERGY:  290000      4222.2352     12308.8309     13467.6948       743.6009        -664050.8805     51694.7865         0.0000         0.0000    117708.9241        -463904.8082       309.6343   -581613.7323   -463790.8098       309.7596           -126.8879       -33.7309   1834578.9966         8.2876         8.2570

WRITING EXTENDED SYSTEM TO RESTART FILE AT STEP 290000
WRITING COORDINATES TO DCD FILE output/txn_equil.dcd AT STEP 291000
TIMING: 291000  CPU: 36093.2, 0.12501/step  Wall: 36183.8, 0.125287/step, 0.313219 hours remaining, 1871.332031 MB of memory in use.
ENERGY:  291000      4249.0306     12084.6901     13433.8185       795.5175        -664644.4782     51750.4880         0.0000         0.0000    117924.5690        -464406.3644       310.2016   -582330.9334   -464317.1405       310.1033            -63.8339        27.4391   1833511.5000        -0.2770        -0.2168

WRITING COORDINATES TO DCD FILE output/txn_equil.dcd AT STEP 292000
TIMING: 292000  CPU: 36218.1, 0.12488/step  Wall: 36308.8, 0.12503/step, 0.277844 hours remaining, 1871.332031 MB of memory in use.
ENERGY:  292000      4264.7621     12264.4048     13378.6859       729.5471        -664238.8694     51471.8112         0.0000         0.0000    117994.8181        -464134.8402       310.3864   -582129.6583   -464016.5405       309.7863            -72.4937        24.5681   1833250.8001         6.6003         6.5959

LDB: ============= START OF LOAD BALANCING ============== 36357.9
LDB: ============== END OF LOAD BALANCING =============== 36357.9
Info: useSync: 0 useProxySync: 0
LDB: =============== DONE WITH MIGRATION ================ 36357.9
LDB: ============= START OF LOAD BALANCING ============== 36370.4
LDB: Largest compute 557 load 0.329685 is 2.7% of average load 12.269165
LDB: Average compute 0.040493 is 0.3% of average load 12.269165
LDB: TIME 36370.4 LOAD: AVG 12.2692 MAX 12.446  PROXIES: TOTAL 763 MAXPE 33 MAXPATCH 5 None MEM: 1871.33 MB
LDB: TIME 36370.4 LOAD: AVG 12.2692 MAX 12.446  PROXIES: TOTAL 767 MAXPE 34 MAXPATCH 5 RefineTorusLB MEM: 1871.33 MB
LDB: TIME 36370.4 LOAD: AVG 12.2692 MAX 12.433  PROXIES: TOTAL 767 MAXPE 34 MAXPATCH 5 RefineTorusLB MEM: 1871.33 MB
LDB: ============== END OF LOAD BALANCING =============== 36370.4
Info: useSync: 0 useProxySync: 0
LDB: =============== DONE WITH MIGRATION ================ 36370.4
WRITING COORDINATES TO DCD FILE output/txn_equil.dcd AT STEP 293000
TIMING: 293000  CPU: 36342.6, 0.1245/step  Wall: 36433.5, 0.124655/step, 0.242385 hours remaining, 1871.332031 MB of memory in use.
ENERGY:  293000      4314.7108     12003.8438     13521.8999       769.9726        -664227.8415     51745.6346         0.0000         0.0000    118325.7200        -463546.0598       311.2568   -581871.7798   -463449.3625       310.3181           -101.0381        -7.5437   1835817.9023         3.3446         3.3772

WRITING COORDINATES TO DCD FILE output/txn_equil.dcd AT STEP 294000
TIMING: 294000  CPU: 36467, 0.12447/step  Wall: 36558.1, 0.124614/step, 0.20769 hours remaining, 1871.332031 MB of memory in use.
ENERGY:  294000      4276.3119     12075.5811     13390.7187       709.4047        -663582.6743     51359.5657         0.0000         0.0000    117912.7333        -463858.3588       310.1705   -581771.0920   -463749.6374       310.3933            -96.1968        -9.4392   1836197.4039         1.3660         1.2453

WRITING COORDINATES TO DCD FILE output/txn_equil.dcd AT STEP 295000
TIMING: 295000  CPU: 36591.6, 0.12458/step  Wall: 36682.8, 0.124735/step, 0.173243 hours remaining, 1871.332031 MB of memory in use.
ENERGY:  295000      4342.5874     12116.6217     13437.1921       713.4887        -664264.2072     51734.7066         0.0000         0.0000    117597.2123        -464322.3984       309.3405   -581919.6108   -464219.5522       309.7068           -149.4902       -64.0503   1836814.5614        -2.3821        -2.4690

WRITING COORDINATES TO DCD FILE output/txn_equil.dcd AT STEP 296000
TIMING: 296000  CPU: 36716.2, 0.12456/step  Wall: 36807.5, 0.124712/step, 0.138569 hours remaining, 1871.332031 MB of memory in use.
ENERGY:  296000      4258.2132     12105.9570     13399.7652       704.8946        -664201.4015     51467.9679         0.0000         0.0000    117750.4324        -464514.1712       309.7435   -582264.6037   -464419.6578       309.5471            -68.5447        23.8011   1836062.6350        -1.6194        -1.5460

LDB: ============= START OF LOAD BALANCING ============== 36856.5
LDB: ============== END OF LOAD BALANCING =============== 36856.5
Info: useSync: 0 useProxySync: 0
LDB: =============== DONE WITH MIGRATION ================ 36856.5
LDB: ============= START OF LOAD BALANCING ============== 36868.9
LDB: Largest compute 501 load 0.326690 is 2.7% of average load 12.281648
LDB: Average compute 0.040499 is 0.3% of average load 12.281648
LDB: TIME 36868.9 LOAD: AVG 12.2816 MAX 12.4157  PROXIES: TOTAL 763 MAXPE 33 MAXPATCH 5 None MEM: 1871.33 MB
LDB: TIME 36868.9 LOAD: AVG 12.2816 MAX 12.4157  PROXIES: TOTAL 767 MAXPE 34 MAXPATCH 5 RefineTorusLB MEM: 1871.33 MB
LDB: TIME 36868.9 LOAD: AVG 12.2816 MAX 12.4157  PROXIES: TOTAL 767 MAXPE 34 MAXPATCH 5 RefineTorusLB MEM: 1871.33 MB
LDB: ============== END OF LOAD BALANCING =============== 36868.9
Info: useSync: 0 useProxySync: 0
LDB: =============== DONE WITH MIGRATION ================ 36868.9
WRITING COORDINATES TO DCD FILE output/txn_equil.dcd AT STEP 297000
TIMING: 297000  CPU: 36840.5, 0.12431/step  Wall: 36932, 0.124453/step, 0.103711 hours remaining, 1871.332031 MB of memory in use.
ENERGY:  297000      4269.3612     11920.0389     13456.3156       775.0098        -663676.2551     51438.7657         0.0000         0.0000    117434.3063        -464382.4575       308.9120   -581816.7639   -464283.4026       309.5642           -102.8773        -6.7434   1838471.4307         0.1312         0.0262

WRITING COORDINATES TO DCD FILE output/txn_equil.dcd AT STEP 298000
TIMING: 298000  CPU: 36965, 0.12454/step  Wall: 37056.7, 0.124683/step, 0.0692685 hours remaining, 1871.332031 MB of memory in use.
ENERGY:  298000      4299.3448     12089.6144     13393.9086       750.1546        -664621.1877     51956.8844         0.0000         0.0000    117916.0707        -464215.2102       310.1793   -582131.2810   -464120.1666       309.5176            -22.0849        67.6556   1837297.5672         0.7359         0.7070

WRITING COORDINATES TO DCD FILE output/txn_equil.dcd AT STEP 299000
TIMING: 299000  CPU: 37089.5, 0.12451/step  Wall: 37181.3, 0.124653/step, 0.0346259 hours remaining, 1871.332031 MB of memory in use.
ENERGY:  299000      4280.6041     12022.0468     13401.3669       767.1846        -664312.5325     51946.6350         0.0000         0.0000    117381.4177        -464513.2774       308.7728   -581894.6951   -464414.1766       309.0945           -152.2564       -56.0436   1838624.9842        -4.2679        -4.0361

TIMING: 300000  CPU: 37214, 0.12448/step  Wall: 37305.9, 0.12464/step, 0 hours remaining, 1871.332031 MB of memory in use.
ETITLE:      TS           BOND          ANGLE          DIHED          IMPRP               ELECT            VDW       BOUNDARY           MISC        KINETIC               TOTAL           TEMP      POTENTIAL         TOTAL3        TEMPAVG            PRESSURE      GPRESSURE         VOLUME       PRESSAVG      GPRESSAVG

ENERGY:  300000      4401.3926     11935.7950     13449.4659       754.0662        -664455.8751     52233.1598         0.0000         0.0000    118120.3710        -463561.6246       310.7167   -581681.9956   -463459.9473       309.8026             13.8853       105.7875   1834784.4231        -3.5195        -3.4969

WRITING EXTENDED SYSTEM TO RESTART FILE AT STEP 300000
WRITING COORDINATES TO DCD FILE output/txn_equil.dcd AT STEP 300000
WRITING COORDINATES TO RESTART FILE AT STEP 300000
FINISHED WRITING RESTART COORDINATES
WRITING VELOCITIES TO RESTART FILE AT STEP 300000
FINISHED WRITING RESTART VELOCITIES
WRITING EXTENDED SYSTEM TO OUTPUT FILE AT STEP 300000
WRITING COORDINATES TO OUTPUT FILE AT STEP 300000
CLOSING COORDINATE DCD FILE output/txn_equil.dcd
WRITING VELOCITIES TO OUTPUT FILE AT STEP 300000
====================================================

WallClock: 37325.128906  CPUTime: 37227.261719  Memory: 1871.332031 MB
[Partition 0][Node 0] End of program
